TIME_SCRAPED_PST,PRODUCT_TYPE,PRODUCT_ID,URL,TITLE,PRICE,RATING,NO_OF_REVIEWS,HEIGHT,WIDTH,DEPTH,WEIGHT_KG,PROCESSOR_BRAND,PROCESSOR_FAMILY,PROCESSOR_GENERATION,CPU_CACHE,CPU_CORES,CPU_THREADS,CPU_SPEED,GRAPHICS_BRAND,GRAPHICS_FAMILY,GRAPHICS_RAM,GRAPHICS_RAM_TYPE,RAM_MEMORY,RAM_TYPE,RAM_SPEED,STORAGE_SIZE,STORAGE_TYPE,STORAGE_OTHERS,DISPLAY_SIZE,DISPLAY_RESOLUTION,DISPLAY_REFRESH_RATE,DISPLAY_OTHERS,WIRELESS,POWER,PORTS,SLOTS,CHASSIS,CASE,KEYBOARD,TOUCHPAD,CAMERA,PALMREST,OPTICAL_DRIVE,OPERATING_SYSTEM,HASH_ID,COSMOS_DB,WEIGHT,MICROSOFT_OFFICE,HOME_AND_SMALL_BUSINESS_SECURITY_SOLUTIONS,PROTECT_YOUR_PURCHASE_-_VIEW_SUPPORT_OFFERS_BELOW,ACCIDENTAL_DAMAGE_SERVICE,AUDIO_AND_SPEAKERS,PRIMARY_BATTERY,REGULATORY,BATTERY_LIFE,EXTENDED_SERVICE,SERVICES:EXTENDED_SERVICE,WEIGHT_LBS,DELL_SERVICES:_EXTENDED_SERVICE,WEIGHT_LB,DELL_SERVICES:EXTENDED_SERVICE,CARRYING_CASE,MOUSE,MONITOR,STAND
2024-08-10T00:12:44.000000,desktop,precision-3260-workstation,https://www.dell.com/en-us/shop/desktop-computers/precision-3260-compact-workstation/spd/precision-3260-workstation/s106dpt3260us_vp?ref=variantstack,Precision 3260 Compact Workstation,$ 1573.38,4.3 out of 5.0,,,,,,,,,,,,,,,,,,,,,,,,,,,,,,,,,,,,,,,202408100712445264b18354cac7542e,Y,,,,,,,,,,,,,,,,,,,
2024-08-10T00:12:36.000000,desktop,precision-r7960-workstation,https://www.dell.com/en-us/shop/desktop-computers/precision-7960-rack-workstation/spd/precision-r7960-workstation/xctopr7960us_vp?ref=variantstack,,"$ 5,425.54",,,,,,,,,,,,,,,,,,,,,,,,,,,,,,,,,,,,,,,,2024081007123642527a471e7babb425,Y,,,,,,,,,,,,,,,,,,,
2024-08-10T00:12:32.000000,desktop,precision-t7875-workstation,https://www.dell.com/en-us/shop/desktop-computers/precision-7875-tower-workstation/spd/precision-t7875-workstation/xctopt7875mtus_vp?ref=variantstack,,"$ 3,119.00",,,,,,,,,,,,,,,,,,,,,,,,,,,,,,,,,,,,,,,,202408100712327589226a3f9e7494c2,Y,,,,,,,,,,,,,,,,,,,
2024-08-10T00:12:29.000000,desktop,precision-3280-workstation,https://www.dell.com/en-us/shop/desktop-computers/precision-3280-compact-workstation/spd/precision-3280-workstation/xctopt3280cffusvp?ref=variantstack,,$ 899.00,,,,,,,,,,,,,,,,,,,,,,,,,,,,,,,,,,,,,,,,20240810071229458b01783798fe3478,Y,,,,,,,,,,,,,,,,,,,
2024-08-10T00:12:21.000000,desktop,precision-t7960-workstation,https://www.dell.com/en-us/shop/desktop-computers/precision-7960-tower-workstation/spd/precision-t7960-workstation/xctopt7960us_vp?ref=variantstack,,"$ 3,635.53",,,,,,,,,,,,,,,,,,,,,,,,,,,,,,,,,,,,,,,,20240810071221579691dc6d4bdab463,Y,,,,,,,,,,,,,,,,,,,
2024-08-10T00:12:13.000000,desktop,optiplex-7420-35w-aio,https://www.dell.com/en-us/shop/desktop-computers/new-optiplex-all-in-one/spd/optiplex-7420-35w-aio/s001do7420aio35wus_vp?ref=variantstack,OptiPlex All-in-One,$ 1119,4.8 out of 5.0,5.0,13.95,21.26,2.28,,Intel,Core i3,14100T,12 MB,4.0,8.0,4.4 GHz,Intel,,,,8 GB,DDR5,,256 GB,SSD,"M.2 2230, PCIe NVMe, Class 35",,,,,"IntelÂ Wi-Fi 6E AX211, 2x2, 802.11ax, BluetoothÂ wireless card","130W AC adapter, 7.4 mm barrel","1 USB 3.2 Gen 2 Type-A Port with PowerShare port, 1 Universal Audio Port, 1 USB 3.2 Gen 2 Type-CÂ Port, 1 DisplayPort++ 1.4a (up to 5120 x 3200 @ 60Hz), 2 USB 3.2 Gen 1 Type-A Ports, 2 USB 2.0 Type-A Ports with SmartPower, 1 RJ45 10/100/1000 Mbps Ethernet Port, 1 Audio Line-out Port, re-askable, 1 Power Adapter Port","1 M.2 2230 slot for WiFi and Bluetooth combo card, 1 M.2 2230/2280 slot for solid-state drive, 1 SD 4.0 Card Slot, 1 Kensington Security Cable Slot",,,Dell Pro Wireless Keyboard and Mouse - KM5221W Black - US English,,,,,"Windows 11 Pro, English, Brazilian Portuguese, French, Spanish",202408100712139881d86a9b7c9654bd,Y,16.55 to 20.25 lb (7.51 to 9.19 kg),Activate Your Microsoft 365 For A 30 Day Trial,No anti-virus software,"Basic Onsite Service after remote diagnosis with Hardware-Only Support, 36 Month(s)",,,,"Â , Â ",,,,,"Basic Onsite Service after remote diagnosis with Hardware-Only Support, 36 Month(s)",,,,,,
2024-08-10T00:12:08.000000,desktop,optiplex-7420-plus-aio,https://www.dell.com/en-us/shop/desktop-computers/new-optiplex-all-in-one/spd/optiplex-7420-plus-aio/s003do7420aiopus_vp?ref=variantstack,OptiPlex All-in-One,$ 1449,4.7 out of 5.0,42.0,13.95,21.26,2.28,,Intel,Core i5,14500 vPro,24 MB,14.0,20.0,5.0 GHz,Intel,,,,16 GB,DDR5,,512 GB,SSD,"M.2 2230, PCIe NVMe, Class 35",,,,,"IntelÂ Wi-Fi 6E AX211, 2x2, 802.11ax, BluetoothÂ wireless card","160W Plus Bronze internal power supply unit (PSU), 240W Plus Platinum internal power supply unit (PSU)","1 USB 3.2 Gen 2 Type-C, Â Port, 1 HDMI-in 1.4b Port (up to 1920 x 1080 @ 60Hz), 1 HDMI-out 2.1 Port (up to 4096 x 2160 @ 60Hz), 1 DisplayPort++ 1.4a (up to 5120 x 3200 @ 60Hz), 1 RJ45 10/100/1000 Mbps Ethernet Port, 2 USB 3.2 Gen 1 Type-A Ports with SmartPower On, 3 USB 3.2 Gen 2 Type-A Ports, 1 Audio Line-out Port, re-taskable, 1 USB 3.2 Gen 2 Type-A Port with PowerShare port, 1 Universal Audio Port","1 M.2 2230 slot for WiFi and Bluetooth combo card, 2 M.2 2230/2280 slots for solid-state drive, 1 SD 4.0 Card Slot, 1 Kensington Security Cable Slot",,,Dell Pro Wireless Keyboard and Mouse - KM5221W Black - US English,,,,,"Windows 11 Pro, English, Brazilian Portuguese, French, Spanish",20240810071208490fc0c28307910406,Y,6.33 to 6.76,Activate Your Microsoft 365 For A 30 Day Trial,No anti-virus software,"No Warranty Upgrade, 36 Month(s)",,,,"Â , Â ",,,,,,,"No Warranty Upgrade, 36 Month(s)",,,,
2024-08-10T00:12:02.000000,desktop,optiplex-7020t-desktop,https://www.dell.com/en-us/shop/desktop-computers/new-optiplex-tower/spd/optiplex-7020t-desktop/s005do7020mtus_vp?ref=variantstack,OptiPlex Tower,$ 889,4.5 out of 5.0,13.0,12.77,6.06,11.50,,Intel,Core i5,14th Gen (14500 vPro),24 MB,14.0,20.0,5.0 GHz,Intel,,,,8 GB,DDR5,,256 GB,SSD,"M.2 2230, PCIe NVMe, Class 35",,,,,"IntelÂ Wi-Fi 6E AX211, 2x2, 802.11ax, BluetoothÂ wireless card, external antenna","180W 80 PLUS Bronze internal power supply unit, 300W 80 PLUS Platinum internal power supply unit","2 USB 2.0 (480 Mbps) ports, 1 USB 3.2 Gen 1 (10 Gbps) Type-C,  port, 1 USB 3.2 Gen 1 (5 Gbps) port, 1 Universal Audio Jack, 2 USB 2.0 (480 Mbps) ports with SmartPower On, 2 USB 3.2 Gen 1 (5 Gbps) Type-A Ports, 1 DisplayPortâ¢ 1.4a Port, 1 RJ-45 (1 Gbps) Ethernet Port, 1 Video Port (VGA/DisplayPortâ¢ 1.4a/HDMI 2.1) (optional), 1 Serial Port (optional)","2 SATA 3.0 slots for hard-disk drive, 2 Full-height Gen3 PCIe x1 slots, 1 M.2 2230/2280 slot for solid-state drive, 1 Full-height Gen3 PCIe x16 slot, 1 SATA 2.0 slot for slim optical drive, 1 M.2 2230 slot for WiFi and Bluetooth combo card",,,No Keyboard Selected,,,,No Optical Drive MT with filler cover,"Windows 11 Pro, English, Brazilian Portuguese, French, Spanish",202408100712023200d01cd3524c5453,Y,5.18 to 6.37,Activate Your Microsoft 365 For A 30 Day Trial,No anti-virus software,"Basic Onsite Service after remote diagnosis with Hardware-Only Support, 36 Month(s)",,,,,,,,,"Basic Onsite Service after remote diagnosis with Hardware-Only Support, 36 Month(s)",,,,,,
2024-08-10T00:11:56.000000,desktop,precision-5860-workstation,https://www.dell.com/en-us/shop/desktop-computers/precision-5860-tower-workstation/spd/precision-5860-workstation/xctopt5860us_vp?ref=variantstack,,"$ 2,019.00",,,,,,,,,,,,,,,,,,,,,,,,,,,,,,,,,,,,,,,,20240810071156355df184216d651442,Y,,,,,,,,,,,,,,,,,,,
2024-08-10T00:11:51.000000,desktop,inspiron-3020-desktop,https://www.dell.com/en-us/shop/desktop-computers/inspiron-desktop/spd/inspiron-3020-desktop/useithbts3020gmvn?ref=variantstack,Inspiron Desktop,$ 949.99,4.4 out of 5.0,3419.0,12.77,6.06,11.54,4.94,Intel,Core i7,13th Gen (13700),30 MB,16.0,24.0,5.1 GHz,NVIDIA,GeForce RTX 3050,8 GB,GDDR6,16 GB,DDR4,3200 MT/s,1 TB,SSD,"M.2, PCIe NVMe",,,,,"Realtek Wi-Fi 6 RTL8852BE, 2x2, 802.11ax, MU-MIMO, BluetoothÂ wireless card","180 W Bronze internal Power Supply Unit (PSU), 300 W Bronze internal Power Supply Unit (PSU)","1 Global headset jack, 2 USB 2.0 ports, 1 USB 3.2 Gen 1 Type-C,  port, *,  , 1 USB 3.2 Gen 1 Type-A port, 1 Audio line-out port, 1 HDMI 1.4b port, *,  , 1 DisplayPort 1.4, 2 USB 3.2 Gen 1 Type-A ports, 2 USB 2.0 ports, 1 RJ-45 Ethernet port, 1 AC power-supply port, 1 Kensington Cable Lock port, **HDMI/DP not available on models with 13th Gen Intel,  Coreâ¢ i7-12700F processor, 13th Gen Intel,  Coreâ¢ i5-12400F processor. In order to connect to a display with these processors, purchasing a discrete graphics card would be necessary.",1 Media Card slot,Black with Mist Blue Mesh,,Dell Multimedia Keyboard-KB216 Black (English),,,,No Optical Drive,"Windows 11 Home, English, French, Spanish",20240810071151129c0a480bdb64c468,Y,4.94,Activate Your Microsoft 365 For A 30 Day Trial,McAfee+ Premium 30-day trial,1Y Basic Onsite Service after remote diagnosis with Hardware-Only Support,,,,,,,,,,,,,Dell Optical Mouse - MS116 (Black),,
2024-08-10T00:11:41.000000,desktop,optiplex-7020t-plus-desktop,https://www.dell.com/en-us/shop/desktop-computers/new-optiplex-tower/spd/optiplex-7020t-plus-desktop/gctoo7020mtpus_vp?ref=variantstack,New OptiPlex Tower,$ 1249,4.4 out of 5.0,,,,,,,,,,,,,,,,,,,,,,,,,,,,,,,,,,,,,,,20240810071141063bbcd6bb60ff7464,Y,,,,,,,,,,,,,,,,,,,
2024-08-10T00:11:37.000000,desktop,precision-t3680-workstation,https://www.dell.com/en-us/shop/desktop-computers/precision-3680-tower-workstation/spd/precision-t3680-workstation/s001dpt3680mtus_vp?ref=variantstack,,"$ 1,025.64",,,,,,,,,,,,,,,,,,,,,,,,,,,,,,,,,,,,,,,,20240810071137377a88739cac3354b8,Y,,,,,,,,,,,,,,,,,,,
2024-08-10T00:11:32.000000,desktop,precision-3460-workstation,https://www.dell.com/en-us/shop/desktop-computers/precision-3460-small-form-factor-workstation/spd/precision-3460-workstation/s301dpt3460sffusvp?ref=variantstack,,"$ 1,045.53",,,,,,,,,,,,,,,,,,,,,,,,,,,,,,,,,,,,,,,,20240810071132552991413e63b7547a,Y,,,,,,,,,,,,,,,,,,,
2024-08-10T00:11:21.000000,desktop,inspiron-24-5430-aio,https://www.dell.com/en-us/shop/desktop-computers/inspiron-24-all-in-one/spd/inspiron-24-5430-aio/useiahbts5430gxxb?ref=variantstack,Inspiron 24 All-in-One,$ 579.99,4.6 out of 5.0,134.0,13.92 to 16.31,20.92 to 21.86,7.90 to 40.20,,Intel,Core i3,,10 MB,6.0,8.0,4.7 GHz,Intel,,,,8 GB,DDR4,3200 MT/s,512 GB,SSD,M.2 PCIe NVMe,,,,,"IntelÂ Wi-Fi 6E AX211, 2x2, 802.11ax, BluetoothÂ wireless card","90W AC adapter, 4.5 mm barrel, 130W AC adapter, 4.5 mm barrel","3 USB 3.2 Gen 1 ports with Power on/Wake-up support, 1 USB 3.2 Gen 2 port with PowerShare, 1 USB 3.2 Type-C Gen 2 port (Side), 1 HDMI-out 1.4b, 1 HDMI-in 1.4b, 1 RJ45 Ethernet port, 1 Universal headset jack, 1 power-adapter port","1 M.2 2230/2280 slot for PCIe solid-state drive, 1 M.2 2230 slot for WiFi and Bluetooth combo card, 1 SD-card slot","Rear Cover / Mid Frame - Plastic Resin, Rear Cover / Mid Frame - Plastic Resin with 35% PCR, Isosceles stand exterior - Aluminum or Zinc",White,Dell Pro Wireless Keyboard and Mouse - KM5221W White - US English,,,,,"Windows 11 Home, English, French, Spanish",20240810071121910c324ca08df5244d,Y,5.14 to 5.64,Activate Your Microsoft 365 For A 30 Day Trial,McAfee+ Premium 30-day trial,1Y Basic Onsite Service after remote diagnosis with Hardware-Only Support,,,,"Â , Â ",,,,,,,,,Mouse Included,,
2024-08-10T00:11:17.000000,desktop,inspiron-24-5415-aio,https://www.dell.com/en-us/shop/desktop-computers/inspiron-24-all-in-one/spd/inspiron-24-5415-aio/na5415gydns?ref=variantstack,Inspiron 24 All-in-One,$ 549.99,4.5 out of 5.0,1886.0,14.11 to 16.31,21.37,1.58 to 7.90,5.27 to 5.52,AMD,Ryzen 5,7530U,19 MB,6.0,12.0,,AMD,Radeon Graphics,,,8 GB,DDR4,3200 MT/s,512 GB,SSD,M.2 PCIe NVMe Solid State Drive,,,,,"MediaTek Wi-Fi 6 MT7921, 2x2, 802.11ax, MU-MIMO, BluetoothÂ wireless card","90 W AC adapter, 4.5 mm barrel","1 USB 3.2 Type-C,  Gen 2 port, 2 USB 3.1 Gen 1 ports with Power on/Wake-up support, 1 USB 3.1 Gen 2 port with PowerShare, 1 HDMI 1.4b port, 1 HDMI-in 1.4b port, 1 power-adapter port, 1 RJ45 Ethernet port, 1 Headset jack",1 SD-card slot,"Ascent Solid, Pearl White Fabric, Rear Cover / Mid Frame - Plastic Resin, Y-stand exterior - Plastic Resin, Isosceles stand exterior - Die Cast (Aluminium or Zinc) and painted",Non-Touch Black,Dell Multimedia Keyboard-KB216 Black (English),,,,,"Windows 11 Home, English, French, Spanish",202408100711171715c9c32269a3245e,Y,,No Microsoft Office License Included - 30 day Trial Offer Only,McAfee+ Premium 30-day trial,1Y Basic Onsite Service after remote diagnosis with Hardware-Only Support,,,,"Â , Â ",,,,,,,,,"Wired Mouse, Black MS 116","23.8"", FHD 1920x1080, 60Hz, IPS, Non-Touch, Anti-Glare, InfinityEdge",Arch Stand
2024-08-10T00:11:12.000000,desktop,optiplex-7420-65w-aio,https://www.dell.com/en-us/shop/desktop-computers/new-optiplex-all-in-one/spd/optiplex-7420-65w-aio/s001do7420aio65wus_vp?ref=variantstack,OptiPlex All-in-One,$ 1269,4.7 out of 5.0,46.0,13.95,21.26,2.28,,Intel,Core i5,14th Gen (14500),24 MB,14.0,20.0,5.0 GHz,Intel,Graphics,,,16 GB,DDR5,,256 GB,SSD,"M.2 2230, PCIe NVMe, Class 35",,,,,"IntelÂ Wi-Fi 6E AX211, 2x2, 802.11ax, BluetoothÂ wireless card",160W Bronze Internal Power Supply Unit (PSU),"1 USB 3.2 Gen 2 Type-C port, 1 HDMI-in 1.4b Port (up to 1920 x 1080 @ 60Hz), 1 HDMI-out 2.1 Port (up to 4096 x 2160 @ 60Hz), 1 DisplayPort++ 1.4a (up to 5120 x 3200 @ 60Hz), 1 RJ45 10/100/1000 Mbps Ethernet PortÂ , 2 USB 3.2 Gen 1 Type-A Ports with SmartPower OnÂ , 3 USB 3.2 Gen 2 Type-A ports, 1 audio line-out port, re-taskable, 1 USB 3.2 Gen 2 Type-A Port with PowerShare port, 1 Universal audio port","1 M.2 2230 slot for WiFi and Bluetooth combo card, 2 M.2 2230/2280 slots for solid-state drive, 1 SD 4.0 Card Slot, 1 Kensington Security Cable Slot",,,Dell Pro Wireless Keyboard and Mouse - KM5221W Black - US English,,,,,"Windows 11 Pro, English, Brazilian Portuguese, French, Spanish",2024081007111279400550181f0b8408,Y,5.61 to 6.32,Activate Your Microsoft 365 For A 30 Day Trial,No anti-virus software,"Basic Onsite Service after remote diagnosis with Hardware-Only Support, 36 Month(s)",,,,"Â , Â ",,,,,"Basic Onsite Service after remote diagnosis with Hardware-Only Support, 36 Month(s)",,,,,,
2024-08-10T00:11:08.000000,desktop,inspiron-3030-desktop,https://www.dell.com/en-us/shop/desktop-computers/inspiron-desktop/spd/inspiron-3030-desktop/useithbts3030gsrp?ref=variantstack,Inspiron Desktop,$ 749.99,4.5 out of 5.0,257.0,12.77,6.06,11.53,,Intel,Core i7,,33 MB,20.0,28.0,5.4 GHz,Intel,UHD Graphics 770,,Shared,16 GB,DDR5,5600 MT/s,512 GB,SSD,M.2 PCIe NVMe,,,,,"Realtek Wi-Fi 6 RTL8852BE, 2x2, 802.11ax, MU-MIMO, BluetoothÂ wireless card","180 W Bronze internal power supply unit, 300 W Bronze internal power supply unit , 460 W Bronze internal power supply unit","1 USB 3.2 Gen 1 port, 2 USB 2.0 ports, 1 USB 3.2 Gen 1 Type-C,  portÂ , 1 Global headset jack, 1 SD-card slot (optional), 2 USB 2.0 ports with Smart Power on, 2 USB 3.2 Gen 1 ports, 1 audio line-out portÂ , 1 HDMI 1.4b port, 1 DisplayPortâ¢ 1.4a, 1 RJ-45 Ethernet port","1 full-height Gen3 PCIe x16 slot, 1 full-height Gen3 PCIe x1 slot, 1 M.2 2230 slot for WiFi and Bluetooth combo card, 1 M.2 2230/2280 slot for solid-state drive, 2 SATA 3.0 slots for 3.5-inch hard drive/2.5-inch hard drive, 1 SATA 2.0 slot for optical drive, 1 wedge-shaped lock slot, 1 padlock ring","Black with Mist Blue Mesh, Black with Standard Black Mesh",,Dell Multimedia Keyboard-KB216 Black (English),,,,No Optical Drive,"Windows 11 Home, English, French, Spanish",202408100711086267c022af6248c4bf,Y,5.32 to 7.05,Activate Your Microsoft 365 For A 30 Day Trial,McAfee+ Premium 30-day trial,1Y Basic Onsite Service after remote diagnosis with Hardware-Only Support,,,,,,,,,,,,,Dell Optical Mouse - MS116 (Black),,
2024-08-10T00:11:02.000000,desktop,inspiron-3030-small-desktop,https://www.dell.com/en-us/shop/desktop-computers/inspiron-small-desktop/spd/inspiron-3030-small-desktop/useishbts3030gssc?ref=variantstack,Inspiron Small Desktop,$ 469.99,4.6 out of 5.0,248.0,11.42,3.65,11.53,4.02 to 4.72,Intel,Core i3,14100,12 MB,4.0,8.0,4.7 GHz,Intel,UHD Graphics 730,,,8 GB,DDR5,4400 MT/s,512 GB,SSD,"M.2, PCIe NVMe",,,,,"Realtek Wi-Fi 6 RTL8852BE, 2x2, 802.11ax, MU-MIMO, BluetoothÂ wireless card",180W Bronze internal power supply unit,"2 USB 2.0 Type-A ports , 1 USB 3.2 Type-A Gen 1 port , 1 USB 3.2 Type-C Gen 1 port, 1 Universal headset jack, 2 USB 2.0Â Type-A ports with Power on/Wake support, 2 USB 3.2 Type-A Gen 1 port, 1 Audio line-out port , 1 DisplayPort 1.4 port , 1 RJ-45 Ethernet port , 1 HDMI 1.4b port, Note: The maximum resolution supported by HDMI 1.4b port is 1920 x 1200.","1 SATA 2.0 slot, 1 SATA 3.0 slot, 1 PCIe x16 slot, 1 PCIe x1 slot, 1 M.2 2230 slot for WiFi and Bluetooth combo card, 1 M.2 2230/2280 slot for PCIe solid-state drive, 1 SD-card slot (optional)","Hot Dip Galvanized Steel, Black with Mist Blue mesh",,Dell Multimedia Keyboard-KB216 Black (English),,,,No Optical Drive,"Windows 11 Home, English, French, Spanish",202408100711023056334b9a91eb64d4,Y,4.02 to 4.72,Activate Your Microsoft 365 For A 30 Day Trial,McAfee+ Premium 30-day trial,1Y Basic Onsite Service after remote diagnosis with Hardware-Only Support,,,,,,,,,,,,,Dell Optical Mouse - MS116 (Black),,
2024-08-10T00:10:56.000000,desktop,inspiron-27-7730-aio,https://www.dell.com/en-us/shop/desktop-computers/inspiron-27-all-in-one/spd/inspiron-27-7730-aio/useiahbts7730gxny?ref=variantstack,Inspiron 27 All-in-One,$ 799.99,4.6 out of 5.0,248.0,15.54 to 17.93,23.76 to 24.20,1.64 to 7.90,6.64 to 7.41,Intel,Core i5,,12 MB,10.0,12.0,5.0 GHz,Intel,Graphics,,,16 GB,DDR4,3200 MT/s,512 GB,SSD,M.2 PCIe NVMe,,,,,"IntelÂ Wi-Fi 6E AX211, 2x2, 802.11ax, BluetoothÂ wireless card","90W AC adapter, 4.5 mm barrel, 130W AC adapter, 4.5 mm barrel","1 USB 3.2 Type-C Gen 2 port, *,  , 3 USB 3.2 Gen 1 ports with Power on/Wake-up support, 1 HDMI-out 1.4b, 1 HDMI-in 1.4bÂ , 1 power-adapter port, 1 RJ45 Ethernet port, 1 USB 3.2 Gen 2 port with PowerShare, 1 Universal headset jack","1 M.2 2230/2280 slot for PCIe solid-state drive, 1 M.2 2230 slot for WiFi and Bluetooth combo card, 1 SD-card slot","Rear Cover / Mid Frame - Plastic Resin, Rear Cover / Mid Frame - Plastic Resin with 35% PCR, Y-stand exterior - Plastic Resin, Isosceles stand exterior - Aluminum or Zinc",White,Dell Pro Wireless Keyboard and Mouse - KM5221W White - US English,,,,,"Windows 11 Home, English, French, Spanish",20240810071056521ee1fcb9c9dfb4f3,Y,6.64 to 7.41,Activate Your Microsoft 365 For A 30 Day Trial,McAfee+ Premium 30-day trial,1Y Basic Onsite Service after remote diagnosis with Hardware-Only Support,,,,,,,,,,,,,Mouse Included,,
2024-08-10T00:10:51.000000,desktop,optiplex-7020-plus-small-ff,https://www.dell.com/en-us/shop/desktop-computers/new-optiplex-small-form-factor/spd/optiplex-7020-plus-small-ff/s004do7020sffpus_vp?ref=variantstack,OptiPlex Small Form Factor,$ 1079,4.5 out of 5.0,161.0,11.42,3.65,11.53,,Intel,Core i5,,24 MB,14.0,20.0,5.0 GHz,Intel,,,,16 GB,DDR5,,256 GB,SSD,M.2 PCIe NVMe Class 35,,,,,"IntelÂ Wi-Fi 6E AX211, 2x2, 802.11ax, BluetoothÂ wireless card, external antenna","260W 80 PLUS Bronze internal power supply unit, 300W 80 PLUS Platinum internal power supply unit","1 USB 2.0 (480 Mbps) Port, 1 USB 2.0 (480 Mbps) Port with PowerShare, 1 USB 3.2 Gen 2 (10 Gbps) Type-A Port, 1 USB 3.2 Gen 2x2 (20 Gbps) Type-C Port, 1 Universal Audio Jack, 2 USB 2.0 (480 Mbps) ports with SmartPower On, 3 USB 3.2 Gen 1 (5 Gbps) Type-A Ports, 1 USB 3.2 Gen 2 (10 Gbps) Type-A Port, 3 DisplayPortâ¢ 1.4a Ports, 1 Retaskable line-in/line-out audio port, 1 RJ-45 Ethernet Port 10/100/1000 Mbps, 1 Serial Port (optional), 1 Video Port (HDMI 2.1/DisplayPortâ¢ 1.4a/VGA/USB Type-C with DisplayPortâ¢ Alt mode) (optional)","1 Half-height Gen4 PCIe x16 slot, 1 Half-height Gen3 PCIe x4 open-end slot, 1 SATA 2.0 slot for slim optical drive, 2 SATA 3.0 slots for hard drive, 1 M.2 2230 slot for Wi-Fi and Bluetooth combo card, 2 M.2 2230 slots for solid-state drive, 1 M.2 2280 slot for solid-state drive, 1 SD-card 4.0 slot (optional)",,,Dell Pro Wireless Keyboard and Mouse - KM5221W Black - US English,,,,8x DVD+/-RW 9.5mm ODD,"Windows 11 Pro, English, Brazilian Portuguese, French, Spanish",20240810071051593308921ad6da9439,Y,4.28 to 5.62 kg,Activate Your Microsoft 365 For A 30 Day Trial,No anti-virus software,"No Warranty Upgrade, 36 Month(s)",,,,,,,,,"No Warranty Upgrade, 36 Month(s)",,,,,,
2024-08-10T00:10:47.000000,desktop,xps-8960-desktop,https://www.dell.com/en-us/shop/desktop-computers/xps-desktop/spd/xps-8960-desktop/usexpsthcto8960rpl17?ref=variantstack,,$ 699.99,,,,,,,,,,,,,,,,,,,,,,,,,,,,,,,,,,,,,,,,2024081007104758364e3e084bd29423,Y,,,,,,,,,,,,,,,,,,,
2024-08-10T00:10:42.000000,desktop,optiplex-7020-plus-micro,https://www.dell.com/en-us/shop/desktop-computers/new-optiplex-micro-form-factor/spd/optiplex-7020-plus-micro/s003do7020mffpus_vp?ref=variantstack,OptiPlex Micro Form Factor,$ 1079,4.6 out of 5.0,74.0,7.17,1.42,7.01,,Intel,Core i5,,24 MB,14.0,20.0,5.0 GHz,,,,,16 GB,DDR5,,256 GB,SSD,"M.2 2230, PCIe NVMe, Class 35",,,,,"IntelÂ Wi-Fi 6E AX211, 2x2, 802.11ax, BluetoothÂ wireless card, internal antenna","130 W AC adapter, 7.4 mm barrel, 180 W AC adapter, 7.4 mm barrel"," , 1 USB 3.2 Gen 2 (10 Gbps) Type-A Port with PowerShare, 1 USB 3.2 Gen 2x2 (20 Gbps) Type-C Port, 1 Universal Audio Jack, 1 Re-tasking Line Out/line-in Audio Port, 1 RJ45 Ethernet Port , 1 Video Port (HDMI 2.1/DisplayPort 1.4a/VGA/USB Type-C with DisplayPort Alt mode) (optional), 1 PS2/Serial port (optional), 1 USB 3.2 Type-A Gen 1 (5 Gbps) port with SmartPower On, 2 USB 3.2 Gen 2 (10 Gbps) Ports, 3 DisplayPortâ¢ 1.4a ports, 1 Power Adapter Port","1 M.2 2230 slot for Wi-Fi and Bluetooth combo card, 2 M.2 2230/2280 slots for solid-state drives",,,Dell Pro Wireless Keyboard and Mouse - KM5221W Black - US English,,,,,"Windows 11 Pro, English, Brazilian Portuguese, French, Spanish",2024081007104227837a8d6d1e8d3491,Y,1.09 to 1.34,Activate Your Microsoft 365 For A 30 Day Trial,No anti-virus software,"No Warranty Upgrade, 36 Month(s)",,,,,,,,,,,"No Warranty Upgrade, 36 Month(s)",,,,
2024-08-10T00:10:34.000000,desktop,optiplex-7020-small-ff,https://www.dell.com/en-us/shop/desktop-computers/new-optiplex-small-form-factor/spd/optiplex-7020-small-ff/s004do7020sffus_vp?ref=variantstack,OptiPlex Small Form Factor,$ 729,4.3 out of 5.0,105.0,11.42,3.65,11.53,4.08 to 5.38,Intel,Core i5,14500 vPro,24 MB,14.0,20.0,5.0 GHz,Intel,,,,8 GB,DDR5,,256 GB,SSD,M.2 PCIe NVMe Class 35,,,,,No Wireless LAN Card,"180W 80 PLUS Bronze internal power supply unit, 300W 80 PLUS Platinum internal power supply unit","2 USB 2.0 (480 Mbps) Ports, 1 USB 3.2 Gen 1x1 (5 Gbps) Type-C Port, 1 USB 3.2 Gen 1 (5 Gbps) Type-A Port, 1 Universal Audio Jack, 2 USB 2.0 (480 Mbps) Ports with SmartPower On, 2 USB 3.2 Gen 1 (5 Gbps) Ports, 1 DisplayPortâ¢ 1.4a Port, 1 HDMI 1.4b Port, 1 RJ-45 Ethernet Port 10/100/1000 Mbps, 1 Serial Port (optional), 1 Video Port (HDMI 2.1/DisplayPortâ¢ 1.4a/VGA) (optional)","1 Half-height Gen3 PCIe x16 slot, 1 Half-height Gen3 PCIe x1 slot, 1 SATA 2.0 slot for slim optical drive, 1 SATA 3.0 slot for hard drive, 1 M.2 2230 slot for WiFi and Bluetooth combo card, 1 M.2 2230/2280 slot for solid-state drive",,,Dell Multimedia Wired Keyboard - KB216 Black - US English,,,,No Optical Drive,"Windows 11 Pro, English, Brazilian Portuguese, French, Spanish",202408100710344099b0f0711b47348c,Y,,Activate Your Microsoft 365 For A 30 Day Trial,No anti-virus software,"Basic Onsite Service after remote diagnosis with Hardware-Only Support, 36 Month(s)",,,,,,,,,"Basic Onsite Service after remote diagnosis with Hardware-Only Support, 36 Month(s)",,,,,,
2024-08-10T00:10:27.000000,desktop,alienware-aurora-r16-desktop,https://www.dell.com/en-us/shop/desktop-computers/alienware-aurora-r16-gaming-desktop/spd/alienware-aurora-r16-desktop/useahctor16i12?ref=variantstack,,"$ 1,199.99",,,,,,,,,,,,,,,,,,,,,,,,,,,,,,,,,,,,,,,,2024081007102786276a9381da6a3474,Y,,,,,,,,,,,,,,,,,,,
2024-08-10T00:10:21.000000,desktop,optiplex-7020-micro,https://www.dell.com/en-us/shop/desktop-computers/new-optiplex-micro-form-factor/spd/optiplex-7020-micro/s001do7020mffus_vp?ref=variantstack,OptiPlex Micro Form Factor,$ 699,4.5 out of 5.0,162.0,7.17,1.42,7.01,1.094 to 1.34,Intel,Core i3,,12 MB,4.0,8.0,4.4 GHz,,,,,8 GB,DDR5,,256 GB,SSD,"M.2 2230, PCIe NVMe, Class 35",,,,,No Wireless LAN Card,"65 W AC adapter, 7.4 mm barrel , 90 W AC adapter, 7.4 mm barrel","1 USB 3.2 Gen 1 (5 Gbps) Type-A Port with PowerShare, 1 USB 3.2 Gen 2x2 (10 Gbps) Type-C Port, 1 Universal Audio Jack, 1 RJ-45 Ethernet Port, 1 Video Port (HDMI 2.1/DisplayPort 1.4a/VGA/USB Type-C with DisplayPort Alt mode + power delivery in) (optional), 1 PS2/Serial Port (optional), 1 USB 2.0 Type-A Port (480 Mbps), 1 USB 2.0 Type-A Port (480 Mbps) with SmartPower On, 2 USB 3.2 Type-A Gen 1 (5 Gbps) Ports, 1 DisplayPortâ¢ 1.4a Port, 1 HDMI 1.4b Port, 1 Power Adapter Port","1 M.2 2230 slot for Wi-Fi and Bluetooth combo card, 2 M.2 2230/2280 slots for solid-state drives",,,Dell Multimedia Wired Keyboard - KB216 Black - US English,,,,,"Windows 11 Pro, English, Brazilian Portuguese, French, Spanish",20240810071021749df3fbef8314b4aa,Y,1.094 to 1.34,Activate Your Microsoft 365 For A 30 Day Trial,No anti-virus software,"Basic Onsite Service after remote diagnosis with Hardware-Only Support, 36 Month(s)",,,,,,"Basic Onsite Service after remote diagnosis with Hardware-Only Support, 36 Month(s)",,,,,,,,,
2024-08-10T00:10:12.000000,laptop,chromebook-11-3120-2-in-1-laptop,https://www.dell.com/en-us/shop/dell-computer-laptops/new-chromebook-3120-laptop/spd/chromebook-11-3120-2-in-1-laptop/s002c3120usvp?ref=variantstack,Chromebook 3120 Laptop or 2-in-1,$ 341.18,,0.0,0.82 to 0.85,11.96,8.19,,Intel,Processor,N100,6 MB,4.0,4.0,3.40 GHz,,,,,4 GB,LPDDR5,4800 MT/s,64 GB,eMMC,on-board,"11.6""",1366x768,60Hz,"Non-Touch, Anti-Glare, Cam/Mic, WLAN","Intel(R) Wi-Fi 6 AX203, 2x2, 802.11ax, MU-MIMO, Bluetooth(R) 5.1 wireless card","65W AC adapter, USB Type-C, EcoDesign","2 USB 3.2 Gen 1 (5 Gbps) Type-C,  with DisplayPort Alt Mode ports, 1 USB 3.2 Gen 1 (5 Gbps) port , 1 headset (headphone and microphone combo) port",1 wedge-shaped lock slot,"Exterior Chassis Materials: Plastic, Color Options: Foggy Night with texture, Touch Pad: Foggy Night, Matte, Mylar",,"Single Pointing Non Backlit, US English",,"World facing camera 1080p at 30 fps 5M RGB camera (2-in-1 only), Front facing camera 720p at 30 fps HD RGB camera, and Dual-array microphones",,,,202408100710120937bde434c6ab245b,Y,1.28 to 1.44,,,"Mail In Service 12 Months, 12 Month(s)",,"Stereo speakers with Cirrus CS42L42, 2 W x 2 = 4 W total","3 Cell, 42Whr",,,"Mail In Service No Warranty Upgrade, 12 Month(s)",,,,,,,,,
2024-08-10T00:10:07.000000,laptop,latitude-11-3140-2-in-1-laptop,https://www.dell.com/en-us/shop/dell-computer-laptops/latitude-3140-laptop/spd/latitude-11-3140-2-in-1-laptop/bto009l3140usvp?ref=variantstack,Latitude 3140 Laptop or 2-in-1,$ 341.28,3.9 out of 5.0,333.0,0.82 to 0.84,11.84,8.07,,Intel,N,100,6 MB,4.0,4.0,,Intel,UHD,4 GB,,4 GB,LPDDR5X,4800 MT/s,64 GB,eMMC,,"11.6""",1366x768,,"Non-Touch, Single Mic, WLAN capable","IntelÂ Wi-Fi 6 AX201, 2x2, 802.11ax","65W 7.4mm barrel AC Adapter, 3-pin","2 USB 3.2 Gen 1 (1 with PowerShare), 1 USB Type-Câ¢ (Pentium only), 1 Headset (headphone and microphone combo) port, 1 HDMI 1.4 port",1 wedge-shaped lock slot,,,English US non-backlit keyboard,,"Front-Facing camera, 1 MP, single-integrated microphone , World-Facing camera, 5 MP, single-integrated microphone, 2-in-1 only","Palmrest without World Facing Camera for 3 Cell Battery, Laptop or 2-in-1",,"Windows 11 Pro, English, French, Spanish",20240810071007062ec00f01136e04fc,Y,1.35 to 1.42,Activate Your Microsoft 365 For A 30 Day Trial,No anti-virus software,"Basic Onsite Service after remote diagnosis with Hardware-Only Support, 12 Month(s)",,"Realtek,  ALC3246-HDA, High Definition Audio","3 Cell, 41 Wh, ExpressChargeâ¢ Capable","ENERGY STAR,  8.0 qualified Compliant, EPEAT Silver Registered available in select configurations and regions only, China CECP Compliant, China RoHS Compliant, China CEL Compliant, TCO 8.0 available in select configurations only, WEEE Compliant, EU RoHS Compliant, Japan Energy Law Compliant, South Korea E-standby Compliant, Â , Â ","Up to 13 hours, 56 minutes (3140 Laptop), *","Basic Onsite Service after remote diagnosis with Hardware-Only Support, 12 Month(s)",,,,,,,,,
2024-08-10T00:10:02.000000,laptop,chromebook-11-3110-2-in-1-laptop,https://www.dell.com/en-us/shop/dell-computer-laptops/chromebook-3110-2-in-1-education/spd/chromebook-11-3110-2-in-1-laptop/s001c3110us?ref=variantstack,Chromebook 3110 Laptop,$ 365.3,4.5 out of 5.0,431.0,0.85,11.96,8.19,1.42,Intel,Celeron,N4500,4M,2.0,,1.1 GHz (up to 2.8 GHz),,,,,4 GB,LPDDR4,2933 MT/s,32 GB,eMMC,on-board,"11.6""",1366x768,60Hz,"Touch, Anti-Glare, Cam/Mic, Pen Support, WLAN","IntelÂ Wi-Fi 6 AX201, 2x2, 802.11ax",65W TYPE-C EPEAT Adapter,"1 USB 3.2 Gen 1 Type-C,  port with DisplayPort Alt mode, 1 USB 3.2 Gen 1 Type-A port with PowerShare, 1 headset (headphone and microphone combo) port, 1 HDMI 1.4 port",1 wedge-shaped lock slot,,,"Single Point Non Backlit, English US 2n1",,"World facing camera 1920p at 30 fps RGB camera Single integrated microphone (optional), Front facing camera 720p at 30 fps HD TNR camera Dual-array microphones",,,,2024081007100243896409782c195402,Y,,,,1 Year Mail In Service,,"Stereo speakers with Dialog, 2 W x 2 = 4 W total","3 Cell, 42Whr Longlife Battery",,"Up to 11 hours, 56 minutes, *",,,,,,,No Carrying Case,,,
2024-08-10T00:09:58.000000,laptop,precision-14-3480-laptop,https://www.dell.com/en-us/shop/dell-computer-laptops/precision-3480-workstation/spd/precision-14-3480-laptop/xctop3480usvp?ref=variantstack,Precision 3480 Workstation,$ 889,4.5 out of 5.0,,,,,,,,,,,,,,,,,,,,,,,,,,,,,,,,,,,,,,,20240810070958475a4952b1fc5fd46e,Y,,,,,,,,,,,,,,,,,,,
2024-08-10T00:09:51.000000,laptop,inspiron-16-5630-laptop,https://www.dell.com/en-us/shop/dell-computer-laptops/inspiron-16-laptop/spd/inspiron-16-5630-laptop/useichbts5630hdkg?ref=variantstack,Inspiron 16 Laptop,$ 549.99,4.5 out of 5.0,3507.0,0.61 to 0.72,14.05,9.91,1.82 to 1.94,Intel,Core i5,13th Gen (1340P),12 MB,12.0,16.0,4.6 GHz,Intel,Iris Xe,,,16 GB,LPDDR5,4800 MT/s,512 GB,SSD,M.2 PCIe NVMe,"16.0""",1920x1200,60Hz,"WVA, Non-Touch, Anti-Glare, 250 nit, ComfortView","IntelÂ Wi-Fi 6E AX211, 2x2, 802.11ax, BluetoothÂ wireless card",65W AC adapter,"1 HDMI 1.4, *,  , 1 Thunderboltâ¢Â 4.0 (DP/PowerDelivery), 2 USB 3.2 Gen 1 Type-A, 1 Power jack, 1 Universal Audio Jack, *",1 SD-card slot,"Aluminium exterior shell, Platinum Silver, Platinum Silver: Precision touchpad",Platinum Silver,"English US backlit keyboard, no numeric keypad",,"1080p at 30fps FHD Camera, Dual-array microphones",Titan Gray Power Button without Fingerprint Reader,,"Windows 11 Home, English, French, Spanish",20240810070951661bbd475b633dc4ac,Y,1.82 to 1.94,Activate Your Microsoft 365 For A 30 Day Trial,McAfee+ Premium 30-day trial,1Y Basic Onsite Service after remote diagnosis with Hardware-Only Support,,"Stereo speakers with Waves MaxxAudioÂ Pro and Dolby Atmos, 2.5 W x 2 = 5 W total","4 Cell, 54 Wh, integrated","Energy Star 8.0 (Windows OS only),  ","Up to 13 hours, *",,,,,,,,,,
2024-08-10T00:09:47.000000,laptop,latitude-14-3445-chrome-laptop,https://www.dell.com/en-us/shop/dell-computer-laptops/latitude-3445-chromebook/spd/latitude-14-3445-chrome-laptop/gctolc3445usvp?ref=variantstack,Latitude 3445 Chromebook,$ 709.94,4.5 out of 5.0,,,,,,,,,,,,,,,,,,,,,,,,,,,,,,,,,,,,,,,20240810070947664e55c161b203f40f,Y,,,,,,,,,,,,,,,,,,,
2024-08-10T00:09:43.000000,laptop,latitude-10-7030-rugged-tablet,https://www.dell.com/en-us/shop/dell-computer-laptops/latitude-7030-rugged-extreme/spd/latitude-10-7030-rugged-tablet/s002lr7030pcsusvi?ref=variantstack,Latitude 7030 Rugged Extreme,$ 2269,4.5 out of 5.0,,,,,,,,,,,,,,,,,,,,,,,,,,,,,,,,,,,,,,,202408100709434154c96e8f58f424e4,Y,,,,,,,,,,,,,,,,,,,
2024-08-10T00:09:33.000000,laptop,chromebook-11-3110-laptop,https://www.dell.com/en-us/shop/dell-computer-laptops/chromebook-3110-laptop/spd/chromebook-11-3110-laptop/s012c3110jslus?ref=variantstack,Chromebook 3110 Laptop,$ 256.75,4.5 out of 5.0,431.0,0.82,11.96,8.19,,Intel,Celeron,N4500,4 MB,2.0,,2.8 GHz,,,,,4 GB,LPDDR4,2933 MT/s,64 GB,eMMC,on-board,"11.6""",1366x768,60Hz,"Non-Touch, Anti-Glare, Cam/Mic, WLAN","IntelÂ Wi-Fi 6 AX201, 2x2, 802.11ax",65W TYPE-C EPEAT Adapter,"1 USB 3.2 Gen 1 Type-C,  port with DisplayPort Alt mode, 1 USB 3.2 Gen 1 Type-A port with PowerShare, 1 headset (headphone and microphone combo) port, 1 HDMI 1.4 port (optional)",1 wedge-shaped lock slot,,,"Single Pointing Non Backlit, US English",,"720p at 30 fps HD RGB camera Single integrated microphone, 720p at 30 fps HD , TNR,  camera Dual-array microphones",,,,2024081007093347303b98c9d15d244d,Y,1.28,,,,,"Stereo speakers with Dialog, 2 W x 2 = 4 W total","3 Cell, 42Whr Longlife Battery",,"Up to 12 hours, 19 minutes, *",,,,,,,No Carrying Case,,,
2024-08-10T00:09:29.000000,laptop,latitude-13-7330-laptop,https://www.dell.com/en-us/shop/dell-computer-laptops/latitude-7330-rugged-extreme-laptop/spd/latitude-13-7330-laptop/xctolr7330usvi?ref=variantstack,Latitude 7330 Rugged Extreme Laptop,$ 3035.93,4.3 out of 5.0,,,,,,,,,,,,,,,,,,,,,,,,,,,,,,,,,,,,,,,2024081007092929788b3ba74a33f42e,Y,,,,,,,,,,,,,,,,,,,
2024-08-10T00:09:25.000000,laptop,precision-14-3490-laptop,https://www.dell.com/en-us/shop/dell-computer-laptops/new-precision-3490-workstation/spd/precision-14-3490-laptop/xctop3490usvp?ref=variantstack,,"$ 1,349.00",,,,,,,,,,,,,,,,,,,,,,,,,,,,,,,,,,,,,,,,20240810070925388e8ce5ef6dd5742e,Y,,,,,,,,,,,,,,,,,,,
2024-08-10T00:09:20.000000,laptop,precision-15-3580-laptop,https://www.dell.com/en-us/shop/dell-computer-laptops/precision-3580-workstation/spd/precision-15-3580-laptop/xctop3580usvp?ref=variantstack,Precision 3580 Workstation,$ 709,4.5 out of 5.0,,,,,,,,,,,,,,,,,,,,,,,,,,,,,,,,,,,,,,,20240810070920698c3342f8f397d4ec,Y,,,,,,,,,,,,,,,,,,,
2024-08-10T00:09:12.000000,laptop,latitude-14-7455-laptop,https://www.dell.com/en-us/shop/dell-computer-laptops/dell-latitude-7455/spd/latitude-14-7455-laptop/s001l7455usvp?ref=variantstack,Latitude 7455 Laptop,$ 1719,4.3 out of 5.0,26.0,0.67,12.36,8.81,,Snapdragon,X Plus,X1P-64-100,,10.0,,3.4 GHz,Qualcomm,Adreno,16 GB,LPDDR5x,16 GB,LPDDR5x,8448 MT/s,512 GB,SSD,"M.2 2230, TLC PCIe Gen 4 NVMe","14.0""",2560x1600,,"IPS, AG Touch, ComfortView+, SLP, 400 nits, FHD IR Cam, WLAN","QualcommÂ FastConnectâ¢ 7800 Wi-Fi 7 2x2, BT 5.4 Wireless","65W AC adapter, USB Type-C, EcoDesign","2 USB 4 Type-C,  ports with DisplayPort 2.1 and Power Delivery, 1 USB 3.2 Gen 1 Type-A port, 1 Universal audio jack","1 MicroSD-card slot, 1 NanoSIM-card slot (for computers shipped with WWAN support)",50% Recycled and 50% Low Carbon Aluminum Chassis,,"English US backlit Copilot key keyboard, 79-key",Multi-touch gesture-enabled precision clickpad,"1080p at 30 fps FHD RGB camera, 720p at 30 fps IR camera","Fingerprint Reader, WLAN only",,Windows 11 Pro,20240810070912787ca2505f91cc44a6,Y,1.44 kg,Activate Your Microsoft 365 For A 30 Day Trial,No anti-virus software,"No Warranty Upgrade, 36 Month(s)",,"Stereo speakers with Qualcomm,  Aqsticâ¢ Speaker Max technology, woofer 2W x 2 and tweeter 2W x 2, Dual-array microphones with Qualcomm,  Audio and Voice Communication Suite","3 Cell, 54 Wh, ExpressChargeâ¢, ExpressChargeâ¢ Boost Capable","Â , Â ",,,,,,,"No Warranty Upgrade, 36 Month(s)",,,,
2024-08-10T00:09:08.000000,laptop,latitude-13-7320-detachable-laptop,https://www.dell.com/en-us/shop/dell-computer-laptops/latitude-7320-detachable/spd/latitude-13-7320-detachable-laptop/ctol7320dtbl13us?ref=variantstack,Latitude 7320 Detachable,$ 2129.23,4.2 out of 5.0,,,,,,,,,,,,,,,,,,,,,,,,,,,,,,,,,,,,,,,2024081007090879583be2e3e204545f,Y,,,,,,,,,,,,,,,,,,,
2024-08-10T00:09:04.000000,laptop,latitude-13-5340-2-in-1-laptop,https://www.dell.com/en-us/shop/dell-computer-laptops/latitude-5340-laptop/spd/latitude-13-5340-2-in-1-laptop/gctol5340usvp?ref=variantstack,Latitude 5340 Laptop,$ 869,4.3 out of 5.0,,,,,,,,,,,,,,,,,,,,,,,,,,,,,,,,,,,,,,,2024081007090460757f9b914b81242b,Y,,,,,,,,,,,,,,,,,,,
2024-08-10T00:09:00.000000,laptop,latitude-13-5350-2-in-1-laptop,https://www.dell.com/en-us/shop/dell-computer-laptops/latitude-5350-laptop/spd/latitude-13-5350-2-in-1-laptop/gctol5350usvp?ref=variantstack,Latitude 5350 Laptop,$ 1289,4.4 out of 5.0,,,,,,,,,,,,,,,,,,,,,,,,,,,,,,,,,,,,,,,202408100709003758644bc7f27694a6,Y,,,,,,,,,,,,,,,,,,,
2024-08-10T00:08:55.000000,laptop,precision-15-3590-laptop,https://www.dell.com/en-us/shop/dell-computer-laptops/new-precision-3590-workstation/spd/precision-15-3590-laptop/xctop3590usvp?ref=variantstack,,"$ 1,409.00",,,,,,,,,,,,,,,,,,,,,,,,,,,,,,,,,,,,,,,,202408100708559092d5aeb1ecf3146c,Y,,,,,,,,,,,,,,,,,,,
2024-08-10T00:08:51.000000,laptop,latitude-12-7230-rugged-laptop,https://www.dell.com/en-us/shop/dell-computer-laptops/latitude-7230-rugged-extreme-tablet/spd/latitude-12-7230-rugged-laptop/s006w11lr7230usvi?ref=variantstack,Latitude 7230 Rugged Extreme Tablet,$ 2569,4.6 out of 5.0,,,,,,,,,,,,,,,,,,,,,,,,,,,,,,,,,,,,,,,20240810070851070f21221dc5c6a40c,Y,,,,,,,,,,,,,,,,,,,
2024-08-10T00:08:46.000000,laptop,latitude-14-9440-2-in-1-laptop,https://www.dell.com/en-us/shop/dell-computer-laptops/latitude-9440-2-in-1/spd/latitude-14-9440-2-in-1-laptop/gctol94402n1usvp?ref=variantstack,Latitude 9440 2-in-1,$ 1810.29,4.6 out of 5.0,,,,,,,,,,,,,,,,,,,,,,,,,,,,,,,,,,,,,,,20240810070846860a647b47cedf74f8,Y,,,,,,,,,,,,,,,,,,,
2024-08-10T00:08:36.000000,laptop,latitude-13-7340-2-in-1-laptop,https://www.dell.com/en-us/shop/dell-computer-laptops/latitude-7340-laptop/spd/latitude-13-7340-2-in-1-laptop/gctol7340usvp?ref=variantstack,Latitude 7340 Laptop,$ 909.43,4.4 out of 5.0,,,,,,,,,,,,,,,,,,,,,,,,,,,,,,,,,,,,,,,202408100708365593b95f0182704417,Y,,,,,,,,,,,,,,,,,,,
2024-08-10T00:08:33.000000,laptop,latitude-16-7640-laptop,https://www.dell.com/en-us/shop/dell-computer-laptops/latitude-7640-laptop/spd/latitude-16-7640-laptop/gctol7640usvp?ref=variantstack,Latitude 7640 Laptop,$ 1439,4.5 out of 5.0,,,,,,,,,,,,,,,,,,,,,,,,,,,,,,,,,,,,,,,20240810070833137270c89532088440,Y,,,,,,,,,,,,,,,,,,,
2024-08-10T00:08:29.000000,laptop,precision-16-5690-laptop,https://www.dell.com/en-us/shop/dell-computer-laptops/new-precision-5690-workstation/spd/precision-16-5690-laptop/xctop5690usvp?ref=variantstack,,"$ 1,899.00",,,,,,,,,,,,,,,,,,,,,,,,,,,,,,,,,,,,,,,,202408100708290077c2103f7d4884ee,Y,,,,,,,,,,,,,,,,,,,
2024-08-10T00:08:24.000000,laptop,precision-14-5490-laptop,https://www.dell.com/en-us/shop/dell-computer-laptops/new-precision-5490-workstation/spd/precision-14-5490-laptop/xctop5490usvp?ref=variantstack,,"$ 2,199.00",,,,,,,,,,,,,,,,,,,,,,,,,,,,,,,,,,,,,,,,20240810070824993cb6da363b61b4c4,Y,,,,,,,,,,,,,,,,,,,
2024-08-10T00:08:20.000000,laptop,latitude-13-9330-laptop,https://www.dell.com/en-us/shop/dell-computer-laptops/latitude-9330-2-in-1/spd/latitude-13-9330-laptop/gctol9330usvp?ref=variantstack,Latitude 9330 2-in-1,$ 1027.26,4.4 out of 5.0,,,,,,,,,,,,,,,,,,,,,,,,,,,,,,,,,,,,,,,202408100708208624d94f6b509bb445,Y,,,,,,,,,,,,,,,,,,,
2024-08-10T00:08:16.000000,laptop,latitude-14-5440-laptop,https://www.dell.com/en-us/shop/dell-computer-laptops/latitude-5440-laptop/spd/latitude-14-5440-laptop/gctol5440usvp?ref=variantstack,Latitude 5440 Laptop,$ 1076.95,4.4 out of 5.0,,,,,,,,,,,,,,,,,,,,,,,,,,,,,,,,,,,,,,,202408100708168324de1b4562e3f4e6,Y,,,,,,,,,,,,,,,,,,,
2024-08-10T00:08:11.000000,laptop,latitude-13-7350-2-in-1-laptop,https://www.dell.com/en-us/shop/dell-computer-laptops/latitude-7350-laptop/spd/latitude-13-7350-2-in-1-laptop/s008l7350usvp?ref=variantstack,Latitude 7350 Laptop or 2-in-1,$ 1398.98,4.1 out of 5.0,33.0,16.44 to 17.75,11.77,8.38 to 8.39,,Intel,Core Ultra 5,135U,12 MB,12.0,14.0,4.4 GHz,Intel,Integrated,16 GB,LPDDR5x,16 GB,LPDDR5x,6400 MT/s,256 GB,SSD,"M.2 2230, TLC PCIe Gen 4 NVMe","13.3""",1920x1200,,"AG, Touch, WVA, 300 nits, 5MP IR Cam+IP","IntelÂ BE200 Wi-Fi 7 2x2, BluetoothÂ 5.4 Technology, Wireless Card","65W AC adapter, USB Type-C, EcoDesign","1 USB 3.2 Gen 1 with Power Share, 1 Universal audio jack, 1 HDMI 2.1 port, *,  , 2 Thunderbolt, 4.0 with Power Delivery & DisplayPort (USB Type-C), *","1 Optional external uSIM card tray (WWAN configurations only), 1 Optional contacted SmartCard reader (available on aluminum chassis only), 1 Wedge lock slot","2-in-1 , Laptop",,"English US battery-saving mini LED backlit Copilot key keyboard, 79-key",Collaboration Touchpad (Ultralight),"1080p at 30 fps FHD RGB HDR camera with builtâin camera shutter, Temporal Noise Reduction for high image quality, 1080p at 30 fps FHD RGBâIR HDR camera with builtâin camera shutter, Ambient light sensor, Intelligent Privacy, Temporal Noise Reduction for high image quality, ExpressSignâinâ¢, 1920p at 30 fps 5M RGBâIR camera with builtâin camera shutter, Ambient light sensor, Intelligent Privacy, Temporal Noise Reduction for high image quality, ExpressSignâinâ¢","No Fingerprint Reader, WLAN only, Ultralight",,"Windows 11 Pro, English, Brazilian Portuguese, French, Spanish",20240810070811863d3f4a46b617b453,Y,0.989 to 1.297,Activate Your Microsoft 365 For A 30 Day Trial,No anti-virus software,"No Warranty Upgrade, 36 Month(s)",,"Stereo woofer with tweeter Realtek ALC3281, 2W x 4 = 8W total","3 Cell, 57 Wh, ExpressChargeâ¢, ExpressChargeâ¢ Boost capable",,"Up to 12 hours, 27 minutes (7350 Ultralight), *,  , Up to 11 hours, 58 minutes (7350 2-in-1), *,  , Up to 11 hours, 57 minutes (7350 Laptop), *",,"No Warranty Upgrade, 36 Month(s)",,,,,,,,
2024-08-10T00:08:08.000000,laptop,latitude-14-5430-laptop,https://www.dell.com/en-us/shop/dell-computer-laptops/dell-latitude-5430-rugged/spd/latitude-14-5430-laptop/s007lr5430usvi?ref=variantstack,Dell Latitude 5430 Rugged,$ 1699.75,4.5 out of 5.0,,,,,,,,,,,,,,,,,,,,,,,,,,,,,,,,,,,,,,,2024081007080823983921eccbae84cb,Y,,,,,,,,,,,,,,,,,,,
2024-08-10T00:08:02.000000,laptop,latitude-13-7350-detachable-laptop,https://www.dell.com/en-us/shop/dell-computer-laptops/latitude-7350-detachable/spd/latitude-13-7350-detachable-laptop/s003l7350dtblusvp?ref=variantstack,Latitude 7350 Detachable,$ 1789,4.5 out of 5.0,49.0,0.35,11.53,8.19,,Intel,Core Ultra 5,,12 MB,12.0,14.0,4.40 GHz,Intel,Integrated Graphics,16 GB,,16 GB,LPDDR5x,6400 MT/s,256 GB,SSD,"M.2 2230, TLC PCIe Gen 4 NVMe","13""",2880x1920,,"IPS, Touch, AR, AS, Gorilla Glass Victus, Low Blue Light, Active Pen Support","IntelÂ BE200 Wi-Fi 7 2x2, BluetoothÂ 5.4 Technology, Wireless Card",65W Type-C Power Adapter,"2 Thunderboltâ¢ 4 (40 Gbps) ports with DisplayPortâ¢ Alt Mode/USB Type-C/USB4/Power Delivery 3.0, *,  , 1 Universal Audio port","1 Wedge-shaped lock slot, 1 Nano-SIM card slot (optional), 1 Smart card reader slot (optional)",,,Keyboard Not Included,Precision Collaboration Clickpad with multi-touch gesture support,"World facing camera, 2448p (4:3) at 30 fps 4K RGB camera, User facing camera, 1440p at 30 fps or higher HDR RGB-IR camera, 8 megapixel",,,"Windows 11 Pro, English, Brazilian Portuguese, French, Spanish",20240810070802564d2fe0c62bc7344f,Y,0.79 kg,Activate Your Microsoft 365 For A 30 Day Trial,No anti-virus software,"Basic Onsite Service after remote diagnosis with Hardware-Only Support, 36 Month(s)",,"2-channel High-Definition speakers, 2W x 2 = 4W total","46.5 Wh, ExpressCharge(TM) 3-cell",,,"Basic Onsite Service after remote diagnosis with Hardware-Only Support, 36 Month(s)",,,,1.76 lb,,,,,
2024-08-10T00:07:58.000000,laptop,latitude-14-9450-2-in-1-laptop,https://www.dell.com/en-us/shop/dell-computer-laptops/latitude-9450-2-in-1/spd/latitude-14-9450-2-in-1-laptop/s004l94502n1usvp?ref=variantstack,Latitude 9450 2-in-1,$ 2009,4.5 out of 5.0,44.0,0.31 to 0.55,12.22,8.46,,Intel,Core Ultra 5,125U,12MB,12.0,14.0,4.3 GHz,Intel,Integrated,16GB,,16GB,LPDDR5x,7467 MT/s,256GB,SSD,"M.2 2230, TLC PCIe Gen 4 NVMe","14""",2560x1600,,"IPS Touch, Anti-Smudge, Anti-Reflect, 500 nits, FHD IR Cam, ComfortView+ LBL, Pen","IntelÂ BE200 Wi-Fi 7 2x2, BluetoothÂ 5.4 Technology, Wireless Card","65W AC adapter, USB Type-C, EcoDesign","3 Thunderboltâ¢ 4 with Power Delivery and DisplayPortâ¢ 2.1, *,  , 1 Universal audio port","1 Nano SIM (optional), 1 wedge-shaped lock slot",2-in-1,,English US battery-saving mini LED backlit Copilot key zero-lattice keyboard,Haptic Collaboration Touchpad (icons compatible with Zoom and Microsoft TEAMS),"1080 at 60fps FHD HDR IR camera, Dual-array microphones.","Fingerprint Reader, WLAN",,"Windows 11 Pro, English, Brazilian Portuguese, French, Spanish",202408100707582570f69064128b845e,Y,1.537 to 1.591 kg,Activate Your Microsoft 365 For A 30 Day Trial,No anti-virus software,"ProSupport Next Business Day Onsite Service after remote diagnosis with HW-SW Support, 36 Month(s)",,"Quad Stereo Speakers with Waves MaxxAudio,  Pro, Sub-woofer 2W x 2 and Tweeter 2W x 2","3 Cell, 60 Wh, ExpressChargeâ¢",,,,,,"ProSupport Next Business Day Onsite Service after remote diagnosis with HW-SW Support, 36 Month(s)",,,,,,
2024-08-10T00:07:54.000000,laptop,precision-15-3591-laptop,https://www.dell.com/en-us/shop/dell-computer-laptops/new-precision-3591-workstation/spd/precision-15-3591-laptop/xctop3591usvp?ref=variantstack,,"$ 1,469.00",,,,,,,,,,,,,,,,,,,,,,,,,,,,,,,,,,,,,,,,202408100707545581de946cc58a942c,Y,,,,,,,,,,,,,,,,,,,
2024-08-10T00:07:48.000000,laptop,latitude-13-3340-2-in-1-laptop,https://www.dell.com/en-us/shop/dell-computer-laptops/latitude-3340-laptop/spd/latitude-13-3340-2-in-1-laptop/s001l3340usvp?ref=variantstack,Latitude 3340 Laptop or 2-in-1,$ 699,4.4 out of 5.0,59.0,0.66 to 0.74,12.0,8.3,,Intel,Core i3,13th Gen (1315U),10 MB,6.0,8.0,4.5 GHz,Intel,UHD Graphics,8 GB,LPDDR5,8 GB,LPDDR5,4800 MT/s,256 GB,SSD,"M.2 2230, PCIe NVMe, Class 35",13.3,1920x1080,60Hz,"WVA/IPS, Non-Touch, Anti-Glare, 250 nit, NTSC 45%, FHD Camera","IntelÂ Wi-Fi 6E AX211, 2x2, 802.11ax, BluetoothÂ wireless card","65W AC adapter, USB Type-C, EcoDesign","1 USB 3.2 Gen1 port with PowerShare, 1 USB 3.2 Gen1 port, 1 USB Type-C 3.2 Gen2 with Power Delivery & DisplayPort, 1 HDMI 1.4 port, 1Â Universal Audio Jack",1 wedge-shaped lock slot,,,"English US non-backlit keyboard, 79-key",Precision Clickpad with multi-touch gesture support,"720p at 30 fps HD RGB camera Dual-array microphones, 1080p at 30 fps FHD RGB/IR camera Dual-array microphones, 1080p at 30 fps FHD RGB without IR camera Dual-array microphones","Palmrest, No Fingerprint Reader",,"Windows 11 Pro, English, Brazilian Portuguese, French, Spanish",20240810070748514f4e4aa9c982546e,Y,1.25 to 1.35,Activate Your Microsoft 365 For A 30 Day Trial,No anti-virus software,"Basic Onsite Service after remote diagnosis with Hardware-Only Support, 12 Month(s)",,"Stereo speakers with Waves MaxxAudioÂ Pro, Realtek ALC3204 Audio Controller, 2 W x 2 = 4 W total","3 Cell, 54 Wh, ExpressChargeâ¢, ExpressChargeâ¢ Boost capable",,"Up to 12 hours, 31 minutes (3340 Laptop), *,  , Up to 11 hours, 22 minutes (3340 2-in-1), *",,,,"Basic Onsite Service after remote diagnosis with Hardware-Only Support, 12 Month(s)",,,,,,
2024-08-10T00:07:36.000000,laptop,inspiron-14-7445-2-in-1-laptop,https://www.dell.com/en-us/shop/dell-computer-laptops/new-inspiron-14-2-in-1-laptop/spd/inspiron-14-7445-2-in-1-laptop/usei2hbts7445gxcp?ref=variantstack,Inspiron 14 2-in-1,$ 729.99,4.2 out of 5.0,33.0,0.62 to 0.74,12.36,8.90,1.71,AMD,Ryzen 5,8640HS,,6.0,12.0,,AMD,Radeon,,,8 GB,DDR5,5200 MT/s,512 GB,SSD,"M.2, PCIe NVMe","14""",1920x1200,60Hz,"WVA, IPS, Touch, 250 nit, ComfortView","Realtek Wi-Fi 6E RTL8852CE, 2x2, 802.11ax, MU-MIMO, BluetoothÂ wireless card","65W AC adapter, USB Type-C","2 USB Type-CÂ 3.2 Gen 2 (10 Gbps) with Power Delivery and DisplayPortâ¢ 1.4 ports, 2 USB 3.2 Gen 1 Type-A ports, 1 Universal audio jack, *,  , 1 HDMI 1.4 port -Â The maximum resolution supported over HDMI is 1920x1080 @60HZ. No 4K/2K output.",1 SD-card slot,"Exterior Chassis Materials:, Aluminum, Color options:, Midnight Blue, Ice Blue","Midnight Blue Touch LCD cover, with Fingerprint Reader","English US backlit Copilot key keyboard, no numeric keypad",Precision touchpad,Integrated Widescreen FHD (1080p) Webcam with Dual Digital Microphone Array with Temporal Noise Reduction enabled,,,"Windows 11 Home, English, French, Spanish",20240810070736744d6cca4048a2b497,Y,,Activate Your Microsoft 365 For A 30 Day Trial,McAfee+ Premium 30-day trial,1Y Basic Onsite Service after remote diagnosis with Hardware-Only Support,,"2 tuned speakers, audio processing by Dolby Atomos Core and Waves MaxxAudio,  Pro","4 Cell, 54 Wh, integrated",,"Up to 10 hours, 4 minutes, *",,,,,,,,,,
2024-08-10T00:07:30.000000,laptop,inspiron-16-7630-laptop,https://www.dell.com/en-us/shop/dell-computer-laptops/inspiron-16-plus-laptop/spd/inspiron-16-7630-laptop/usichbts7630gmvc?ref=variantstack,Inspiron 16 Plus Laptop,$ 899.99,4.3 out of 5.0,1116.0,"0.67""-0.79""","14.05""","9.92""",,Intel,Core i7,13th Gen (13620H),24 MB,10.0,16.0,4.9 GHz,NVIDIA,GeForce RTX 4050,6 GB,GDDR6,16 GB,LPDDR5,4800 MT/s,2 TB,SSD,"M.2, PCIe NVMe","16""",2560x1600,120Hz,"16:10, WVA, Non-Touch, Anti-Glare, 300 nit, ComfortView Plus","IntelÂ Wi-Fi 6E AX211, 2x2, 802.11ax, BluetoothÂ wireless card",130W AC adapter,"1 Headset jack,  , 2 USBÂ 3.2 Gen 1 Type-A, 1 Power jack, 1 HDMI 2.0, 1 Thunderbolt 4.0 (PowerDelivery & DisplayPort)","SD card reader - forÂ Integrated Graphics/ RTX 3050/ RTXÂ 4050Â only, Micro SD Card Reader â forÂ RTX 4060 only","Aluminium exterior shell, Platinum Silver, Platinum Silver: Precision touchpad",Platinum Silver,"English US backlit keyboard, no numeric keypad",,"Integrated Widescreen FHD (1080p) Webcam with Dual Digital Microphone Array with Temporal Noise Reduction enabledâ, Integrated IR camera with Presence Detection and Dual Digital Microphone Array with Temporal Noise Reduction enabledââ",Power Button - Titan Power button with Finger Reader,,"Windows 11 Home, English, French, Spanish",2024081007073008124cfee113d374d9,Y,2.06 kg,Activate Your Microsoft 365 For A 30 Day Trial,McAfee+ Premium 30-day trial,1Y Premium Support with Hardware and Software1-2 Biz Day Onsite after remote diagnosis,,"4 tuned speakers, audio processing by Dolby AtmosÂ andÂ WavesÂ MaxxAudio, Â Pro","6 Cell, 86 Wh, integrated",,"Up to 14 hours, 32 minutes, *",,,,,,,,,,
2024-08-10T00:07:25.000000,laptop,precision-17-7780-laptop,https://www.dell.com/en-us/shop/dell-computer-laptops/precision-7780-workstation/spd/precision-17-7780-laptop/xctop7780usvp?ref=variantstack,,"$ 2,179.00",,,,,,,,,,,,,,,,,,,,,,,,,,,,,,,,,,,,,,,,2024081007072562839af4458de334d6,Y,,,,,,,,,,,,,,,,,,,
2024-08-10T00:07:18.000000,laptop,latitude-15-5550-laptop,https://www.dell.com/en-us/shop/dell-computer-laptops/latitude-5550-laptop/spd/latitude-15-5550-laptop/s0034l5550usvp?ref=variantstack,Latitude 5550 Laptop,$ 1099,4.5 out of 5.0,247.0,0.82 to 0.90,14.09,9.19,,Intel,Core Ultra 5,125U,12 MB,12.0,14.0,4.3 GHz,Intel,,,,16 GB,DDR5,5600 MT/s,256 GB,SSD,"M.2 2230, TLC, Gen 4 PCIe NVMe","15.6""",1920x1080,60Hz,"IPS, Non-Touch, AG, 250 nit, 45% NTSC, FHD Cam","IntelÂ Wi-Fi 6E (6 where 6E unavailable) AX211, 2x2, 802.11ax, BluetoothÂ 5.3 wireless card","65W AC adapter, USB Type-C, EcoDesign","2 Thunderboltâ¢ 4 (40 Gbps) with DisplayPortâ¢ Alt Mode/USB Type-C/USB4/Power Delivery, 1 USB 3.2 Gen 1 port with PowerShare, 1 USB 3.2 Gen 1 port, 1 HDMI 2.1 port, 1 universal audio port, 1 RJ45 Ethernet port","1 microSD-card slot, 1 wedge-shaped lock slot, 1 nano-SIM card slot (optional), 1 Smart card reader slot (optional)",,,"English US backlit Copilot key keyboard with numeric keypad, 99-key","Multi-touch gesture-enabled precision touchpad, seamless glass-integrated button","1080p at 30 fps, FHD RGB camera, Dual-array microphones, 1080p at 30 fps, FHD RGB-IR camera, Dual-array microphones, 1080p at 30 fps, FHD RGB-IR camera, Dual-array microphones, Ambient light sensor, Express Sign-Inâ¢ with Presence Detection and Intelligent Privacy",No Security,,"Windows 11 Pro, English, Brazilian Portuguese, French, Spanish",2024081007071859655194ab9509f4d7,Y,1.62,Activate Your Microsoft 365 For A 30 Day Trial,No anti-virus software,"Basic Onsite Service after remote diagnosis with Hardware-Only Support, 12 Month(s)",,"Stereo speakers with Realtek Waves MaxxAudio,  13.0, 2W x 2 = 4W total","3-cell, 54 Wh, ExpressChargeâ¢ Capable, ExpressChargeâ¢ Boost Capable",,,"Basic Onsite Service after remote diagnosis with Hardware-Only Support, 12 Month(s)",,,,,,,,,
2024-08-10T00:07:15.000000,laptop,latitude-14-7440-2-in-1-laptop,https://www.dell.com/en-us/shop/dell-computer-laptops/latitude-7440-laptop/spd/latitude-14-7440-2-in-1-laptop/gctol7440usvp?ref=variantstack,Latitude 7440 Laptop,$ 1209,4.4 out of 5.0,,,,,,,,,,,,,,,,,,,,,,,,,,,,,,,,,,,,,,,202408100707152144f08a10089fa4f0,Y,,,,,,,,,,,,,,,,,,,
2024-08-10T00:07:09.000000,laptop,latitude-16-7650-laptop,https://www.dell.com/en-us/shop/dell-computer-laptops/latitude-7650-laptop/spd/latitude-16-7650-laptop/s005l7650usvp?ref=variantstack,Latitude 7650 Laptop,$ 1609,4.7 out of 5.0,30.0,0.79,14.09,9.86,,Intel,Core Ultra 5,135U,12 MB,12.0,14.0,4.4 GHz,Intel,,16 GB,LPDDR5x,16 GB,LPDDR5x,6400 MT/s,256 GB,SSD,"M.2 2230, TLC PCIe Gen 4 NVMe","16.0""",1920x1200,,"IPS, AG No-Touch, 250 nits, FHD IR Cam, WLAN, Aluminum","IntelÂ BE200 Wi-Fi 7 2x2, BluetoothÂ 5.4 Technology, Wireless Card","65W AC adapter, USB Type-C, EcoDesign","1 Universal audio port, 2 USB 3.2 Gen 1 Type-A ports, 1 HDMI 2.1 port, *,  , 2 Thunderboltâ¢4 with Power Delivery & DisplayPort (USB Type-C), *","1 Smart card reader (Contacted and Contactless + NFC) (optional), 1 Nano SIM (optional), 1 Wedge-shaped lock slot",Laptop,,"English US battery-saving mini LED backlit Copilot key keyboard, no numeric keypad, 79-key",,"1080p at 30 fps FHD RGB HDR Camera with built-in camera shutter, Temporal Noise Reduction for high image quality, 1080p at 30 fps FHD RGB-IR HDR camera with built-in camera shutter, Ambient light sensor, Intelligent Privacy, Temporal Noise Reduction for high image quality, ExpressSign-inâ¢","Fingerprint Reader, WLAN, Aluminum",,"Windows 11 Pro, English, Brazilian Portuguese, French, Spanish",20240810070709630bf1251f506334e6,Y,1.84 kg,Activate Your Microsoft 365 For A 30 Day Trial,No anti-virus software,"No Warranty Upgrade, 36 Month(s)",,Stereo speakers with Realtek ALC3281 Audio Controller,"3 Cell, 57 Wh, ExpressChargeâ¢, ExpressChargeâ¢ Boost capable","Â , Â ","Up to 10 hours, 46 minutes, *",,"No Warranty Upgrade, 36 Month(s)",,,,,,,,
2024-08-10T00:07:02.000000,laptop,inspiron-14-7440-laptop,https://www.dell.com/en-us/shop/dell-computer-laptops/inspiron-14-plus/spd/inspiron-14-7440-laptop/useichbts7440gvhg?ref=variantstack,Inspiron 14 Plus Laptop,$ 999.99,4.5 out of 5.0,134.0,0.63 to 0.75,12.36,8.92,,Intel,Core Ultra 7,,24 MB,16.0,22.0,4.8 GHz,Intel,Arc,,,16GB,LPDDR5X,6400 MT/s,1 TB,SSD,"M.2, PCIe NVMe",14,2240x1400,60Hz,"WVA, IPS, Non-Touch, Anti-Glare, 300 nit, ComfortView Plus","IntelÂ Wi-Fi 6E AX211, 2x2, 802.11ax, BluetoothÂ wireless card","100W AC adapter, USB Type-C","1 HDMI 1.4*, 1 Intel Thunderbolt 4.0, 2 USB 3.2 Gen 1 Type-A, 1 Universal audio jack**",1 micro-SD card 3.0 slot,"Aluminum exterior shell, Ice Blue, Mylar, Color match to chassis",Ice Blue,"English US backlit Copilot key keyboard, no numeric keypad",,Integrated Widescreen FHD (1080p) Webcam with Dual Digital Microphone Array with Temporal Noise Reduction enabledâ,Ice Blue power button with Fingerprint Reader,,"Windows 11 Home, English, French, Spanish",202408100707023901ab4f97c8f974ba,Y,1.60,Activate Your Microsoft 365 For A 30 Day Trial,McAfee+ Premium 30-day trial,1Y Premium Support with Hardware and Software1-2 Biz Day Onsite after remote diagnosis,,"(2) tuned speakers, audio processing by Dolby Atmos Core and Waves MaxxAudio,  Pro","4 Cell, 64 Wh, integrated",,"Up to 9 hours, 21 minutes, *",,,,,,,,,,
2024-08-10T00:06:59.000000,laptop,precision-16-7680-laptop,https://www.dell.com/en-us/shop/dell-computer-laptops/precision-7680-workstation/spd/precision-16-7680-laptop/xctop7680usvp?ref=variantstack,,"$ 1,769.00",,,,,,,,,,,,,,,,,,,,,,,,,,,,,,,,,,,,,,,,20240810070659137543e753d2db24c6,Y,,,,,,,,,,,,,,,,,,,
2024-08-10T00:06:52.000000,laptop,g-series-15-5535-laptop,https://www.dell.com/en-us/shop/dell-computer-laptops/g15-gaming-laptop/spd/g-series-15-5535-laptop/useghbts5535grpv?ref=variantstack,G15 Gaming Laptop,$ 849.99,4.5 out of 5.0,257.0,1.06,14.07,10.80,2.81,AMD,Ryzen 5,7640HS,22 MB,6.0,,5.0 GHz,NVIDIA,GeForce RTX 3050,6 GB,GDDR6,16 GB,DDR5,4800 MT/s,1 TB,SSD,"M.2, PCIe NVMe","15.6""",1920x1080,120Hz,Non-Touch,"MediaTek Wi-Fi 6 MT7921, 2x2, 802.11ax, MU-MIMO, BluetoothÂ wireless card",240W AC adapter,"1 Headset (Headphone and Microphone combo) port, 1 RJ45 Ethernet port, 3 USB 3.2 Gen 1 Type-A ports, 1 HDMI 2.1 port, 1 USB-C 3.2 Gen 2 with Display Port Alt-Mod, 1 Power Input port",Not applicable,,Dark Shadow Gray with Black thermal shelf,US English Orange Backlit Keyboard with Numeric Keypad and G-Key,,"720p at 30 fps HD RGB camera, single integrated microphone",,,"Windows 11 Home, English, French, Spanish",20240810070652938e6cc3209da3b4d0,Y,,Activate Your Microsoft 365 For A 30 Day Trial,McAfee+ Premium 1-year,1Y Basic Onsite Service after remote diagnosis with Hardware-Only Support,,"Stereo speakers with Realtek ALC3254, 2 x 2.5 W","3 Cell, 56 Wh, integrated","Â , Â ",,,,,,,,,,,
2024-08-10T00:06:46.000000,laptop,inspiron-14-5440-laptop,https://www.dell.com/en-us/shop/dell-computer-laptops/inspiron-14-laptop/spd/inspiron-14-5440-laptop/useichbts5440gssn?ref=variantstack,Inspiron 14 Laptop,$ 649.99,4.6 out of 5.0,73.0,0.62 to 0.74,12.36,8.90,,Intel,Core i5,120U,12 MB,10.0,12.0,5.0 GHz,Intel,Graphics,,,16 GB,DDR5,5200 MT/s,1 TB,SSD,"M.2, PCIe NVMe","14""",1920x1200,60Hz,"WVA, IPS, Non-Touch, Anti-Glare, 250 nit, ComfortView","Realtek Wi-Fi 6 RTL8852BE, 2x2, 802.11ax, MU-MIMO, BluetoothÂ wireless card",65W AC adapter,"2 USB 3.2 Gen 1 (5 Gbps) ports, 1 USB 3.2 Gen 1 (5 Gbps) Type-C,  port,  , 2 USB 3.2 Gen 1 (5 Gbps) ports, 1 USB 3.2 Gen 2 (10 Gbps) Type-C,  with Power Delivery and DisplayPortâ¢, 1 headset (headphone and microphone combo) port, 1 HDMI 1.4 port*, 1 power-adapter port, *Note: HDMI output supports up to 1920x1080 @ 60Hz, 24bpp. No 4K/2K output supported.","1 SD-card slot, 1 Wedge-shapped lock slot","Aluminium exterior shell, Ice Blue, Ice Blue: Precision touchpad",Ice Blue Metal Cover,"English US backlit Copilot key keyboard, no numeric keypad",,"720p at 30 fps HD RGB camera, Single microphones, 1080p at 30 fps widescreen FHD-RGB camera, Dual-array microphones",Ice Blue Power Button with Fingerprint Reader,,"Windows 11 Home, English, French, Spanish",20240810070646549e388620c64ec487,Y,1.56,Activate Your Microsoft 365 For A 30 Day Trial,McAfee+ Premium 30-day trial,1Y Basic Onsite Service after remote diagnosis with Hardware-Only Support,,"Stereo speakers with Waves MaxxAudioÂ Pro and Dolby Atmos Core, 2W x 2 = 4W total","4 Cell, 54 Wh, integrated",,"Up to 9 hours, 15 minutes, *",,,3.44,,,,,,,
2024-08-10T00:06:41.000000,laptop,latitude-15-5540-laptop,https://www.dell.com/en-us/shop/dell-computer-laptops/latitude-5540-laptop/spd/latitude-15-5540-laptop/gctol5540usvp?ref=variantstack,Latitude 5540 Laptop,$ 921.96,4.5 out of 5.0,,,,,,,,,,,,,,,,,,,,,,,,,,,,,,,,,,,,,,,202408100706416757334ab055e6a4c3,Y,,,,,,,,,,,,,,,,,,,
2024-08-10T00:06:36.000000,laptop,latitude-14-3450-laptop,https://www.dell.com/en-us/shop/dell-computer-laptops/latitude-3450-laptop/spd/latitude-14-3450-laptop/s012l3450usvp?ref=variantstack,Latitude 3450 Laptop,$ 689,4.4 out of 5.0,46.0,0.70 to 0.76,12.69,8.64,,Intel,Core i3,13th Gen (1315U),10 MB,6.0,8.0,4.5 GHz,Intel,Integrated Iris Xe or UHD Graphics,,,8 GB,DDR5,5600 MT/s (5200 MT/s with 13th Gen IntelÂ Coreâ¢ processors),256 GB,SSD,"M.2 2230, TLC PCIe Gen 4 NVMe","14.0""",1366x768,,"Non-Touch, AG, TN, 220 nits, HD Cam, WLAN","Intel Wi-Fi 6E (6 if 6E unavailable) AX211, 2x2, 802.11ax, Bluetooth Wireless Card","65W AC adapter, USB Type-C, EcoDesign","1 USB4,  (20 Gbps) with PowerDelivery and DisplayPortâ¢, *,  , 2 USB 3.2 Gen 1 (5 Gbps) ports, 1 USB 3.2 Gen 1 (5 Gbps) with PowerShare port, 1 HDMI 1.4 port (for computers shipped with 13th Gen Intel,  Core i3/i5/i7 processor), *,  , 1 HDMI 2.0 port (for computers shipped with 14th Gen Intel,  Core Ultra i5/i7 processor), *,  , 1 RJ45 (1 Gbps) Ethernet port, 1 universal audio port, 1 power-adapter port","1 wedge-shaped lock slot, 1 M.2 2230 slot for solid-state drive, 1 M.2 2230 slot for WLAN, Wi-Fi/Bluetooth",,,"English US backlit Copilot key keyboard, 79-key",Multi-touch gesture-enabled precision touchpad with integrated scrolling,"720p at 30 fps HD camera, 1080p at 30 fps FHD , 1080p at 30 fps FHD + IR camera","Single Pointing Keyboard, No Finger Print Reader, No SIM",,"Windows 11 Pro, English, Brazilian Portuguese, French, Spanish",2024081007063687183b104affb364d2,Y,1.50 kg,Activate Your Microsoft 365 For A 30 Day Trial,No anti-virus software,"Basic Onsite Service after remote diagnosis with Hardware-Only Support, 12 Month(s)",,"Stereo speakers with Waves MaxxAudio,  Pro, Realtek ALC3204 Audio Controller, 2 W x 2 = 4 W total","3- cell, 42Wh Battery, Express Charge, Express Charge Boost capable","Â , Â ",,"Basic Onsite Service after remote diagnosis with Hardware-Only Support, 12 Month(s)",,,,,,,,,
2024-08-10T00:06:24.000000,laptop,inspiron-16-7640-2-in-1-laptop,https://www.dell.com/en-us/shop/dell-computer-laptops/new-inspiron-16-2-in-1-laptop/spd/inspiron-16-7640-2-in-1-laptop/usei2hbts7640gtgz?ref=variantstack,Inspiron 16 2-in-1 Laptop,$ 699.99,4.3 out of 5.0,115.0,0.63 to 0.75,14.05,9.87,2.18,Intel,Core Ultra 5,125U,12 MB,12.0,14.0,4.30 GHz,Intel,Intel Graphics,,,16GB,LPDDR5X,6400MT/s,512 GB,SSD,"M.2, PCIe NVMe",16,1920x1200,60Hz,"WVA, IPS, Touch, 300 nit, ComfortView Plus","IntelÂ Wi-Fi 6E AX211, 2x2, 802.11ax, BluetoothÂ wireless card","65W AC adapter, USB Type-C","2 USB 3.2 Gen 1 Type-A ports , 2 Thunderbolt 4.0 ports, 1 Universal audio jack, *,  , 1 HDMI 1.4 port*, *The maximum resolution supported over HDMI is 1920x1080 @60Hz. No 4K/2K output.",1 SD-card slot,,Ice Blue,"English US backlit keyboard, no numeric keypad",,Integrated Widescreen FHD (1080p)Â Webcam withÂ Dual Digital Microphone ArrayÂ with Temporal NoiseÂ ReductionÂ enabledâ,,,"Windows 11 Home, English, French, Spanish",20240810070624914fe4199398bc54ff,Y,2.18,Activate Your Microsoft 365 For A 30 Day Trial,McAfee+ Premium 30-day trial,1Y Basic Onsite Service after remote diagnosis with Hardware-Only Support,,"(4) tuned speakers, audio processing by Dolby Atmos Core and Waves MaxxAudio,  Pro","4 Cell, 64 Wh, integrated",,"Up to 15 hours, 36 minutes, *",,,,,,,,,,
2024-08-10T00:06:20.000000,laptop,inspiron-16-7640-laptop,https://www.dell.com/en-us/shop/dell-computer-laptops/new-inspiron-16-plus/spd/inspiron-16-7640-laptop/useichbts7640hbbl?ref=variantstack,Inspiron 16 Plus Laptop,$ 849.99,4.3 out of 5.0,261.0,0.66 to 0.78,14.05,9.87,1.90 to 2.24,Intel,Core i7,13th Gen (i7-13620H),24 MB,,,4.9 GHz,Intel,UHD Graphics,,,16 GB,LPDDR5X,4800 MT/s,512 GB,SSD,"M.2, PCIe NVMe","16""",2560x1600,120Hz,"16:10, WVA, IPS, Non-Touch, Anti-Glare, 300 nit, ComfortView Plus","Realtek Wi-Fi 6 RTL8852BE, 2x2, 802.11ax, MU-MIMO, BluetoothÂ wireless card","100W AC adapter, USB Type-C","1 Universal audio jack*, 2 USB 3.2 Gen 1 Type A, 1 Power jack, 1 Thunderboltâ¢ 4.0, 1 HDMI 1.4 port**, 1 Universal audio jack*, 2 USB 3.2Â Gen 1 Type-A,Â , 1 Power jack, 1 Thunderboltâ¢ 4.0, HDMI 2.1, *3.5mm Universal Audio Jack functionality varies by model configuration. For best results, use Dell-recommended audio accessories., **The maximum resolution supported over HDMI is 1920x1080 @60Hz. No 4K/2K output.",,"Aluminium exterior shell, Color options: Ice Blue, Mylar, Color options: Color match to chassis",Ice Blue,"English US backlit Copilot key keyboard, no numeric keypad",,Integrated Widescreen FHD (1080p) Webcam with Dual Digital Microphone Array with Temporal Noise Reduction enabled,,,"Windows 11 Home, English, French, Spanish",20240810070620586c76083a172324c0,Y,1.90 to 2.24,Activate Your Microsoft 365 For A 30 Day Trial,McAfee+ Premium 30-day trial,1Y Premium Support with Hardware and Software1-2 Biz Day Onsite after remote diagnosis,,"(2) tuned speakersÂ (with Intel,  graphics),Â âaudioÂ processing by Dolby Atmos Core andÂ WavesÂ MaxxAudio, Â ProÂ â, (4) tuned speakers (with NVIDIA,  graphics), audioÂ processing by Dolby Atmos Core andÂ WavesÂ MaxxAudio, Â ProÂ â","4 Cell, 54 Wh, integrated",,"Up to 16 hours, 4 minutes, *",,,,,,,,,,
2024-08-10T00:06:12.000000,laptop,xps-13-9340-laptop,https://www.dell.com/en-us/shop/dell-computer-laptops/xps-13-laptop/spd/xps-13-9340-laptop/usexchcto9340mtl01?ref=variantstack,XPS 13 Laptop,$ 1149,4.4 out of 5.0,232.0,0.58 to 0.60,11.62,7.84,1.17 to 1.19,Intel,Core Ultra 7,,24 MB,16.0,,4.80 GHz,Intel,Arc,,,8 GB,LPDDR5,6400 MT/s,512 GB,SSD,"M.2, PCIe NVMe","13.4""",1920x1200,30-120Hz,"Non-Touch, Anti-Glare, 500 nit, EyeSafe, InfinityEdge",IntelÂ Killerâ¢ Wi-Fi 7 1750 (BE200) 2x2 + Bluetooth 5.4 Wireless Card,"60W AC adapter, USB Type-C","2 Thunderboltâ¢ 4 (40 Gbps) ports with Power Delivery (Type-C, )",,CNC-machined aluminum,Platinum,Platinum Backlit English Keyboard with Fingerprint Reader,Seamless glass touchpad with haptics,"1080p at 30 fps FHD RGB camera, Dual-array microphones, 360p at 15 fps IR camera, Dual-array microphones",,,"Windows 11 Home, English, French, Spanish",20240810070612923cdbcdd84f5b2430,Y,1.17 to 1.19,Activate Your Microsoft 365 For A 30 Day Trial,McAfee+ Premium 1-year,1Y Premium Support with Hardware and Software1-2 Biz Day Onsite after remote diagnosis,,"Quad-speaker design (tweeter + woofer), Realtek ALC1318, 2W x 4 = 8W total","3 Cell, 55 Wh, integrated",,"Up to 18 hours with FHD+, *",,,,,,,,,,
2024-08-10T00:06:06.000000,laptop,xps-16-9640-laptop,https://www.dell.com/en-us/shop/dell-computer-laptops/xps-16-laptop/spd/xps-16-9640-laptop/usexchcto9640mtl01?ref=variantstack,XPS 16 Laptop,$ 1499.99,4.3 out of 5.0,355.0,0.74,14.10,9.50,,Intel,Core Ultra 7,,24.0 MB,16.0,,4.80 GHz,Intel,Arc,,,16 GB,LPDDR5X,6400 MT/s,512 GB,SSD,M.2 PCIe NVMe,"16.3""",1920x1200,,"Infinity Edge, Non-Touch, Anti-Glare, 500-nits",IntelÂ Killerâ¢ Wi-Fi 7 1750 (BE200) 2x2 + Bluetooth 5.4 Wireless Card,130W Type-C Adapter,"1 headphone/microphone combo jack (3.5mm), featuring Waves Nx,  3D audio with head tracking, For computers shipped with integrated Intel,  Arc Graphics, NVIDIA,  GeForce,  RTX,  4050 GPU, or NVIDIA,  GeForce,  RTX,  4060 GPU:, 3 Thunderboltâ¢ 4 Gen 2 Type-C,  ports with DisplayPort Alt Mode/USB4 and PowerDelivery, For computers shipped with NVIDIAÂ GeForce,  RTXâ¢ 4070 GPUs:, 2 Thunderboltâ¢ 4 Gen 2 Type-CÂ ports with DisplayPort Alt Mode/USB4 and PowerDelivery, 1 USB 3.2 Gen 2 Type-Câ¢ port with Power Delivery and DisplayPortâ¢,  , 1 USB Type-C to USB Type-A and HDMI adapter",1 microSDXC v6.0 UHS-I/UHS-II card reader,"CNC machined aluminum with Corning,  Gorilla,  Glass 3 palm rest in graphite or platinumâ, Corning,  Gorilla,  Glass Victus,  on OLED cover glass, Corning,  Gorilla,  Glass 3 capacitative function row",Platinum,Platinum Backlit English Keyboard with Fingerprint Reader,"Multi-touch gesture-enabled precision touchpad with haptic function, Seamless glass touchpad with haptics","1080p at 30 fps FHD camera, 360p at 15 fps IR camera, Dual-microphone array optimized with Waves MaxxVoice,  supporting VoIP",,,"Windows 11 Home, English, French, Spanish",20240810070606663ea5b101c3e1846b,Y,2.13 to 2.20,Activate Your Microsoft 365 For A 30 Day Trial,McAfee+ Premium 1-year,1Y Premium Support with Hardware and Software1-2 Biz Day Onsite after remote diagnosis,,"Quad-speaker design with 3 W main x 2 channels + 2 W Tweeter x 2 channels = 10 W total , Studio quality tuning with Waves MaxxAudio,  Pro and Waves Nx,  3D audioâ.","6-Cell, 99.5Whr",,"Up to 28 hours with FHD+, *",,,,,,,,,,
2024-08-10T00:06:00.000000,laptop,alienware-x16-r2-laptop,https://www.dell.com/en-us/shop/dell-computer-laptops/alienware-x16-r2-gaming-laptop/spd/alienware-x16-r2-laptop/useashbtsx16r2gxxj?ref=variantstack,Alienware x16 R2 Gaming Laptop,$ 2099.99,4.4 out of 5.0,93.0,18.57 mm (0.73 in.),364.81 mm (14.36 in.),289.98 mm (11.41 in.),,Intel,Core Ultra 7,None (155H),24 MB,16.0,,4.8 GHz,NVIDIA,GeForce RTX 4060,8 GB,GDDR6,16 GB,LPDDR5X,7467 MT/s,1 TB,SSD,"M.2, PCIe NVMe","16.0""",1920x1200,480Hz,"3ms, 100% DCI-P3, ComfortView Plus, NVIDIA G-SYNC + Advanced Optimus",Intel Killerâ¢ 1750 2x2 and Bluetooth 5.4 Wireless Card with Wifi 7 Ready,240W Adapter Small Form Factor Adapter,"2 USB 3.2 Gen 1 ports with PowerShare , 1 USB-C 3.2 Gen 2 port with DisplayPortâ¢ , 1 Thunderboltâ¢ 4 port with Power Delivery and DisplayPortâ¢ , 1 headset (headphone and microphone combo) port , 1 HDMI 2.1 port",1 microSD-card slot,"Programmable with up to 16.8 million distinct colors, Lunar Silver, Alienware Command Center, AlienFX Lighting Technology, Game Library with auto-tune game profile functionality, Fusion (Includes support for Overclock, Thermal, Power, Audio, and Audio Recon profiles), Multi-touch gesture Premium Precision glass touchpad with integrated scrolling, Multi-touch gesture Premium Precision glass RGB LED AlienFX lighting touchpad with integrated scrolling (NVIDIA GeForce RTX 4080 or 4090 configurations only)",Lunar Silver,English US AlienFX RGB backlit (per-key) Alienware X Series keyboard,,"1080p at 30fps, FHD HDR RGB+IR camera, Dual-array microphones",,,"Windows 11 Home, English, French, Spanish",20240810070600548da06cd269b3344d,Y,2.66 to 2.72 kg,Activate Your Microsoft 365 For A 30 Day Trial,No anti-virus software,1Y Premium Support with Hardware and Software1-2 Biz Day Onsite after remote diagnosis,,"Tweeter speaker: 2W x 2, Woofer speaker: 3W x 4","6 Cell, 90 Wh","Â , Â ",,,,,,,,,,,
2024-08-10T00:05:52.000000,laptop,inspiron-14-7440-2-in-1-laptop,https://www.dell.com/en-us/shop/dell-computer-laptops/inspiron-14-2-in-1-laptop/spd/inspiron-14-7440-2-in-1-laptop/usei2hbto7440hctd?ref=variantstack,Inspiron 14 2-in-1 ,$ 679.99,4.5 out of 5.0,114.0,0.62 to 0.74,12.36,8.90,,Intel,Core i5,13th Gen (1334U),12 MB,10.0,12.0,4.60 GHz,Intel,UHD Graphics,,,8 GB,DDR5,5200 MT/s,512 GB,SSD,M.2 PCIe NVMe,"14""",1920x1200,60Hz,"WVA, IPS, Touch, 250 nit, ComfortView","IntelÂ Wi-Fi 6E AX211, 2x2, 802.11ax, BluetoothÂ wireless card","65W AC adapter, USB Type-C","2 USB Type-C,  3.2 Gen 2 (10 Gbps) with Power Delivery and DisplayPortâ¢ 1.4 ports, 2 USB 3.2 Gen 1 Type-A ports, 1 Universal audio port*, 1 HDMI 1.4 port**, *3.5mm Universal Audio Jack functionality varies by model configuration. For best results, use Dell recommended audio accessories., **The maximum resolution supported over HDMI is 1920x1080 @60HZ. No 4K/2K output",1 SD-card slot,"Exterior Chassis Materials:, Aluminum, Color options:, Ice Blue","Ice Blue, with Fingerprint Reader","English US backlit Copilot key keyboard, no numeric keypad",Precision touchpad,Integrated Widescreen FHD (1080p) Webcam with Dual Digital Microphone Array with Temporal Noise Reduction enabled,,,"Windows 11 Home, English, French, Spanish",2024081007055278673f2c8c05d224e9,Y,1.71,Activate Your Microsoft 365 For A 30 Day Trial,McAfee+ Premium 30-day trial,1Y Basic Onsite Service after remote diagnosis with Hardware-Only Support,,"2 tuned speakers, audio processing by Dolby Atomos Core and Waves MaxxAudio,  Pro","4 Cell, 54 Wh, integrated",,"Up to 10 hours, 20 minutes, *",,,,,,,,,,
2024-08-10T00:05:46.000000,laptop,g-series-16-7630-laptop,https://www.dell.com/en-us/shop/dell-computer-laptops/g16-gaming-laptop/spd/g-series-16-7630-laptop/useghbto7630gvlv_wc?ref=variantstack,,,,856.0,1.01,14.05,11.37,,Intel,Core i7,13th Gen (13650HX),24 MB,14.0,20.0,4.90 GHz,NVIDIA,GeForce RTX 4060,8 GB,GDDR6,16 GB,DDR5,4800 MT/s,1 TB,SSD,"M.2, PCIe NVMe","16""",2560x1600,240Hz,"Non-Touch, 100% DCI-P3, 3ms, ComfortView Plus, NVIDIA G-SYNC + DDS","IntelÂ Wi-Fi 6 AX201, 2x2, 802.11ax, BluetoothÂ wireless card",330W AC adapter,"1 headset (headphone and microphone combo) port, 1 RJ45 Ethernet port, 3 USB 3.2 Gen 1 ports, 1 HDMI 2.1 port, 1 Thunderboltâ¢ 4 port with DisplayPortâ¢ (On computers shipped with NVIDIA GeForce RTX 4070), 1 USB-C 3.2 Gen 2 port with DisplayPortâ¢ (On computers shipped with NVIDIA GeForce RTX3050/4050/4060)",,"Plastic/Aluminum, Metallic Nightshade (Aluminium Anodized), Metallic Nightshade (Painted)",Quantum White with Metallic Nightshade thermal shelf,US English Cherry MX RGB Backlit Mechanical Keyboard with G-Key,,"720p at 30 fps HD RGB camera, dual-array microphones",,,"Windows 11 Home, English, French, Spanish",202408100705468921cb7039487834de,Y,2.87,Activate Your Microsoft 365 For A 30 Day Trial,McAfee+ Premium 1-year,1Y Basic Onsite Service after remote diagnosis with Hardware-Only Support,,"1 headset (headphone and microphone combo) port, Stereo speakers with Realtek ALC3254, 2 x 2.5 W","6 Cell, 86 Wh, integrated",,"Up to 6 hours, 07 minutes, *",,,,,,,,,,
2024-08-10T00:05:38.000000,laptop,inspiron-16-5645-laptop,https://www.dell.com/en-us/shop/dell-computer-laptops/new-inspiron-16-laptop/spd/inspiron-16-5645-laptop/useichbts5645gtld?ref=variantstack,Inspiron 16 Laptop,$ 549.99,4.4 out of 5.0,99.0,0.64 to 0.75,14.05,9.82,1.87,AMD,Ryzen 5,8540U,,6.0,12.0,,AMD,Radeon Graphics,,,16 GB,DDR5,5600 MT/s,512 GB,SSD,"M.2, PCIe NVMe","16""",1920x1200,60Hz,"WVA, Non-Touch, Anti-Glare, 250 nit, ComfortView Plus","Realtek Wi-Fi 6E RTL8852CE, 2x2, 802.11ax, MU-MIMO, BluetoothÂ wireless card",65W AC adapter,"2 USB 3.2 Gen 1 (5 Gbps) ports, 1 USB 3.2 Gen 2 (10 Gbps) Type-CÂ with DisplayPortâ¢ Alt Mode 1.4/Power Delivery port, 1 Universal audio jack, 1 HDMI 1.4 port*, Â , The Maximum resolution supported over HDMI is 1920x1080 @60Hz. No 4K/2K output.","1 SD-card slot, 1 wedge-shaped lock slot","Exterior Chassis Materials:, Aluminium exterior shell with plastic back cover, Color option:, Ice Blue, Touchpad:, Ice Blue",Ice Blue,English US backlit keyboard,,"1080p at 30 fps FHD RGB camera, Dual-array microphones",Power Button - Ice Blue with Finger Printer,,"Windows 11 Home, English, French, Spanish",20240810070538507c314e016cc984d9,Y,1.87,Activate Your Microsoft 365 For A 30 Day Trial,McAfee+ Premium 30-day trial,1Y Basic Onsite Service after remote diagnosis with Hardware-Only Support,,,"4 Cell, 54 Wh, integrated",,"Up to 11 hours, 20 minutesâ, *",,,,,,,,,,
2024-08-10T00:05:31.000000,laptop,latitude-14-5450-laptop,https://www.dell.com/en-us/shop/dell-computer-laptops/latitude-5450-laptop/spd/latitude-14-5450-laptop/s0016l5450usvp?ref=variantstack,Latitude 5450 Laptop,$ 1129,4.5 out of 5.0,126.0,0.75 to 0.83,12.65,8.35,,Intel,Core Ultra 5,125U,12 MB,12.0,14.0,4.3 GHz,Intel,Integrated,,,16 GB,DDR5,5600 MT/s (5200 MT/s with 13th Gen Intel processors),256 GB,SSD,"M.2 2230, TLC, Gen 4 PCIe NVMe","14.0""",1920x1080,60Hz,"IPS, Non-Touch, AG, 250 nit, 45% NTSC, FHD+IR Cam, 4G","IntelÂ Wi-Fi 6E (6 where 6E unavailable) AX211, 2x2, 802.11ax, BluetoothÂ 5.3 wireless card","65W AC adapter, USB Type-C, EcoDesign","2 Thunderboltâ¢ 4 (40 Gbps) with DisplayPortâ¢ Alt Mode/USB Type-C/USB4/Power Delivery, 1 USB 3.2 Gen 1 port with PowerShare, 1 USB 3.2 Gen 1 port, 1 HDMI 2.1 port, 1 universal audio port, 1 RJ45 Ethernet port","1 wedge-shaped lock slot, 1 Smart card reader slot (optional), 1 nano-SIM card slot (optional)",,,"English US backlit Copilot key keyboard, 79-key","Multi-touch gesture-enabled precision touchpad, seamless glass-integrated button","1080p at 30 fps, FHD RGB camera, Dual-array microphones, 1080p at 30 fps, FHD RGB-IR camera, Dual-array microphones, 1080p at 30 fps, FHD RGB-IR camera, Dual-array microphones, Ambient light sensor, ExpressSign-inâ¢, with Presence Detection and Intelligent Privacy",No Security,,"Windows 11 Pro, English, Brazilian Portuguese, French, Spanish",202408100705319984674bea4e69447c,Y,1.40,Activate Your Microsoft 365 For A 30 Day Trial,No anti-virus software,"Basic Onsite Service after remote diagnosis with Hardware-Only Support, 12 Month(s)",,"Stereo speakers with with Waves MaxxAudio,  Pro 13.0, 2W x 2 = 4W total","3-cell, 54 Wh, ExpressChargeâ¢ Capable, ExpressChargeâ¢ Boost Capable","Â (In English), Â (In English)",,"Basic Onsite Service after remote diagnosis with Hardware-Only Support, 12 Month(s)",,,,,,,,,
2024-08-10T00:05:25.000000,laptop,latitude-14-7450-2-in-1-laptop,https://www.dell.com/en-us/shop/dell-computer-laptops/latitude-7450-laptop/spd/latitude-14-7450-2-in-1-laptop/s013l7450usvp?ref=variantstack,Latitude 7450 Laptop or 2-in-1,$ 1489,4.4 out of 5.0,157.0,0.71 to 0.72,12.32,8.67 to 8.77,1.058 to 1.53,Intel,Core Ultra 5,,12 MB,12.0,14.0,4.4 GHz,Intel,Integrated Graphics,16 GB,LPDDR5x,16 GB,LPDDR5x,6400 MT/s,256 GB,SSD,"M.2 2230, TLC PCIe Gen 4 NVMe","14.0""",1920x1200,,"IPS, AG No-Touch, 250 nits, FHD IR Cam, WLAN, Aluminum","IntelÂ BE200 Wi-Fi 7 2x2, BluetoothÂ 5.4 Technology, Wireless Card","65W AC adapter, USB Type-C, EcoDesign","2 Thunderboltâ¢ 4 with DisplayPortâ¢ Alt Mode/USB Type-C/USB4/Power Delivery, *,  , 1 Universal audio port, 1 HDMI 2.1 port, *,  , 2 USB 3.2 Gen 1 ports","1 Nano SIM (optional), 1 Wedge-shaped lock slot, 1 Smart card reader (Contacted and Contactless + NFC) optional for Mainstream configuration, unavailable in Ultralight and 2-in-1","Laptop, 2-in-1",,"English US battery-saving mini LED backlit Copilot key keyboard, no numeric keypad, 79-key",,"1080p at 30 fps FHD RGB HDR camera with built-in camera shutter, Temporal Noise Reduction for high image quality, 1080p at 30 fps FHD RGB-IR HDR camera with built-in camera shutter, Ambient light sensor, Intelligent Privacy, Temporal Noise Reduction for high image quality, ExpressSign-inâ¢, 1920p at 30 fps 5M RGB-IR camera with built-in camera shutter, Ambient light sensor, Intelligent Privacy, Temporal Noise Reduction for high image quality, ExpressSign-inâ¢","Fingerprint Reader, WLAN only, Thunderbolt4, Aluminum",,"Windows 11 Pro, English, Brazilian Portuguese, French, Spanish",202408100705258050d03146c174041b,Y,1.058 to 1.53,Activate Your Microsoft 365 For A 30 Day Trial,No anti-virus software,"No Warranty Upgrade, 36 Month(s)",,Stereo speakers with Realtek ALC3281 Audio Controller,"3 Cell, 57 Wh, ExpressChargeâ¢, ExpressChargeâ¢ Boost capable",,"Up to 14 hours, 14 minutes (7450 Ultralight), *,  , Up to 16 hours, 2 minutes (7450 2-in-1), *,  , Up to 13 hours, 53 minutes (7450 Laptop), *",,"No Warranty Upgrade, 36 Month(s)",,,,,,,,
2024-08-10T00:05:20.000000,laptop,xps-14-9440-laptop,https://www.dell.com/en-us/shop/dell-computer-laptops/xps-14-laptop/spd/xps-14-9440-laptop/usexchbts9440gtxy?ref=variantstack,XPS 14 Laptop,$ 1499.99,4.3 out of 5.0,279.0,0.71,12.6,8.5,,Intel,Core Ultra 7,155H,24MB,16.0,,4.8 GHz,Intel,Arc,,,16GB,LPDDR5x,6400MT/s,512GB,Solid State Drive,M.2 PCIe NVMe,"14.5""",1920x1200,,"InfinityEdge, non-touch, 500-nit","IntelÂ Killerâ¢ Wi-Fi 6E 1675 (AX211), 2x2, 802.11ax, BluetoothÂ wireless card","60W AC adapter, USB Type-C","3 Thunderboltâ¢ 4 (USB Type-Câ¢) with Power Delivery and DisplayPort, 1 headset (headphone and microphone combo) port",1 microSDXC card reader v6.0 UHS-I/UHS-II,"CNC machined aluminum with glass palm rest in graphite, CNC machined aluminum with glass palm rest in platinum",Platinum,Platinum Backlit English Keyboard with Fingerprint Reader,"Multi-touch gesture-enabled precision touchpad with haptic function,Â Seamless glass touchpad with haptics","1080p at 30 fps FHD RGB-IR camera, Dual-array microphones, Ambient light sensor, Windows Hello compliant, Express Sign-In, , Intel Intelligent Collaboration",,,"Windows 11 Home, English, French, Spanish",20240810070520572e96a9e9092624a3,Y,1.68 to 1.74,Activate Your Microsoft 365 For A 30 Day Trial,McAfee+ Premium 1-year,1Y Premium Support with Hardware and Software1-2 Biz Day Onsite after remote diagnosis,,"Stereo speakers with Waves MaxxAudio Quad-speaker design with 2W Main x 2 Channel + 2W Tweeter x 2 Channel; 8W total peak output, Headphone and microphone combo featuring Waves Nx,  3D audio with head tracking, Dual array microphone with Waves MaxxVoice supporting VoIP, Microsoft Cortana capable, Dolby Atmos","6-Cell, 69.5Whr",,"Up to 21 hours with FHD+, *",,,,,,,,,,
2024-08-10T00:05:10.000000,laptop,alienware-m16-r2-laptop,https://www.dell.com/en-us/shop/dell-computer-laptops/alienware-m16-r2-gaming-laptop/spd/alienware-m16-r2-laptop/useashbtsm16r2mtlgrrw?ref=variantstack,Alienware m16 R2 Gaming Laptop,$ 1299.99,4.7 out of 5.0,728.0,0.93,14.33,9.81,,Intel,Core Ultra 7,155H,24 MB,16.0,,1.40 GHz to 4.80 GHz,NVIDIA,GeForce RTX 4060,8 GB,GDDR6,16 GB,DDR5,5600 MT/s,1 TB,SSD,"M.2, PCIe NVMe",16.0,2560x1600,240Hz,"Non-Touch, 100% sRGB, 3ms, Advanced Optimus, CV Plus, NVIDIA G-SYNC",Intel BE202 Wi-Fi 7 2x2 and BT 5.4 Wireless card,240W Small Form Factor Adapter,"1 Type-A USB 3.2 Gen 1 Port with PowerShare , 1 Type-A USB 3.2 Gen 1 Port, 1 Type-C Port (Includes Thunderboltâ¢ 4.0, USB 3.2 Gen 2, DisplayPort 1.4 (iGPU) and 15W Power Delivery (3A/5V) capabilities), 1 Type-C Port (USB 3.2 Gen 2, DisplayPort 1.4 (dGPU)), 1 HDMI 2.1 (dGPU) Output port, 1 Power/DC-in port, 1 RJ45 Ethernet port (2.5 Gb Upsell), 1 Global Headset Jack",1 MicroSD card slot,"Dark Metallic Moon, Alienware Command Center, AlienFX Lighting Technology, Game Library with auto-tune game profile functionality, Fusion (Includes support for Overclock, Thermal, Power, Audio, and Audio Recon profiles), Alienware mSeries keyboard with per-key RGB LED AlienFX lighting (optional), Includes N-key rollover technology (optional), Multi-touch gesture touchpad with integrated scrolling",Dark Metallic Moon,English US AlienFX RGB backlit (per-key) Alienware M Series keyboard,,"1080p at 30 fps FHD RGB+IR camera, Dual-array microphones",,,"Windows 11 Home, English, French, Spanish",20240810070510417fe68f343e4a64e5,Y,2.61 kg,Activate Your Microsoft 365 For A 30 Day Trial,No anti-virus software,1Y Basic Onsite Service after remote diagnosis with Hardware-Only Support,,"Stereo speakers, 2 W x 2 = 4 W total, Realtek ALC3254",90Wh Battery,,,,,,,,,,,,
2024-08-10T00:05:04.000000,laptop,g-series-15-5530-laptop,https://www.dell.com/en-us/shop/dell-computer-laptops/g15-gaming-laptop/spd/g-series-15-5530-laptop/useghbto5530gyds?ref=variantstack,G15 Gaming Laptop,$ 849.99,4.4 out of 5.0,632.0,1.06,14.07,10.80,,Intel,Core i5,13th Gen (i5-13450HX),20 MB,10.0,16.0,4.6 GHz,NVIDIA,GeForce RTX 4050,6 GB,GDDR6,16 GB,DDR5,4800 MT/s,1 TB,SSD,"M.2, PCIe NVMe","15.6""",1920x1080,165Hz,"Non-Touch, 100% sRGB, 3ms, ComfortView Plus, DDS, NVIDIA G-SYNC","IntelÂ Wi-Fi 6 AX201, 2x2, 802.11ax, BluetoothÂ wireless card",330W AC adapter,"1 headset (headphone and microphone combo) port, 1 RJ45 Ethernet port, 3 USB 3.2 Gen 1 ports, 1 HDMI 2.1 port, 1 USB-C 3.2 Gen 2 port with DisplayPortâ¢",Not applicable,,Dark Shadow Gray with Black thermal shelf,US English Orange Backlit Keyboard with Numeric Keypad and G-Key,,Integrated widescreen HD (720p) Webcam with Single Array Digital Microphone,,,"Windows 11 Home, English, French, Spanish",202408100705042978c343eed321d45d,Y,2.81,Activate Your Microsoft 365 For A 30 Day Trial,McAfee+ Premium 1-year,1Y Basic Onsite Service after remote diagnosis with Hardware-Only Support,,"2 tuned speakers with Dolby Audio, 1 combo headphone / microphone jack","6 Cell, 86 Wh, integrated",,"Up to 6 hours, 31 minutes, *",,,,,,,,,,
2024-08-10T00:05:00.000000,laptop,inspiron-15-3535-laptop,https://www.dell.com/en-us/shop/dell-computer-laptops/new-inspiron-15-laptop/spd/inspiron-15-3535-laptop/useichbts3535gryx?ref=variantstack,Inspiron 15 Laptop,$ 329.99,4.4 out of 5.0,550.0,"0.67""-0.75""","14.11""","9.27""",,AMD,Ryzen 5,7520U,262 MB,4.0,,,AMD,Radeon,,,8 GB,LPDDR5,5500 MT/s,512 GB,SSD,"M.2, PCIe NVMe","15.6""",1920x1080,120Hz,"WVA, IPS, Non-Touch, Anti-Glare, 250 nit, Narrow Border, LED-Backlit","Realtek Wi-Fi 5 RTL8821CE, 1x1, 802.11ac, MU-MIMO, BluetoothÂ wireless card",65W AC adapter,"1 USB 3.2 Gen 1 Type-A port, 1 USB 3.2 Gen 1 Type-C port (data only), 1 USB 2.0 port, 1 Headset jack, *,  , 1 HDMI 1.4* port, *The maximum resolution supported over HDMI is 1920x1080 @60Hz. No 4K2K output",1 SD 3.0 card slot,,Carbon Black,English US non-backlit keyboard,,Integrated widescreen HD (720p) Webcam with Single Digital Microphone in plastic chassisâ,Carbon Black Palmrest Without Fingerprint Reader,,"Windows 11 Home, English, French, Spanish",202408100705000551f6cd6577da7446,Y,1.63 kg,Activate Your Microsoft 365 For A 30 Day Trial,McAfee+ Premium 30-day trial,1Y Basic Onsite Service after remote diagnosis with Hardware-Only Support,,"Stereo speakers with Waves MaxxAudio,  Pro, 2 W x 2 = 4 W total","3 Cell, 41 Wh, integrated","Energy Star 8.0 (Windows OS only), EPEAT Silver (Windows OS only)","Up to 11 hours, 31 minutes, *",,,,,,,,,,
2024-08-10T00:04:54.000000,laptop,alienware-x14-r2-laptop,https://www.dell.com/en-us/shop/dell-computer-laptops/alienware-x14-r2-gaming-laptop/spd/alienware-x14-r2-laptop/useahbtsx14r1ghnb?ref=variantstack,Alienware x14 R2 Gaming Laptop,$ 1499.99,4.4 out of 5.0,354.0,0.57,12.64,10.25,,Intel,Core i7,13th Gen (i7-13620H),24 MB,10.0,16.0,4.9 GHz,NVIDIA,GeForce RTX 4060,8 GB,GDDR6,32 GB,LPDDR5,4800 MT/s,1 TB,SSD,"M.2, PCIe NVMe",14.0,2560x1600,165Hz,"3ms, 300nits, DCIP3 100% typ, Hello, LBL, GSYNC, DDS, ComfortView Plus","IntelÂ Wi-Fi 6E AX211, 2x2, 802.11ax, MU-MIMO, BluetoothÂ wireless card","130W AC small form factor adapter, USB Type-C","1 USB 3.2 Gen 2 Type-C with Power Delivery and DisplayPortâ¢, 1 Global headset jack port, 1 HDMI 2.1 port, 1 USB 3.2 Gen 1 Type-A port with PowerShare, 2 Thunderboltâ¢ 4 ports with Power Delivery and DisplayPortâ¢ (Type-C port)",1 MicroSD-card slot,"Programmable with up to 16.8 million distinct colors, Lunar Silver, Alienware Command Center, AlienFX Lighting Technology, Game Library with auto-tune game profile functionality, Fusion (Includes support for Overclock, Thermal, Power, Audio, and Audio Recon profiles), Alienware X Series 1-Zone AlienFX keyboard, Premium Precision Glass TouchPad with Muti-touch Gesture",Lunar Silver,English US AlienFX RGB backlit (1 zone) Alienware X Series keyboard,,"1080p at 30 fps, FHD RGB+IR camera, Dual-array microphones",,,"Windows 11 Home, English, French, Spanish",20240810070454854fbe2cd90076641e,Y,1.91,Activate Your Microsoft 365 For A 30 Day Trial,No anti-virus software,1Y Premium Support with Hardware and Software1-2 Biz Day Onsite after remote diagnosis,,Speaker: 2 W x 2,"6 Cell, 80 Wh, Lithium Ion, Alienware Battery Defender",Alienware Command Center,"Up to 6 hours, 35 minutes, *",,,,,,,,,,
2024-08-10T00:04:50.000000,laptop,inspiron-15-3530-laptop,https://www.dell.com/en-us/shop/dell-computer-laptops/new-inspiron-15-laptop/spd/inspiron-15-3530-laptop/useichbts3530gtyd?ref=variantstack,Inspiron 15 Laptop,$ 549.99,4.4 out of 5.0,1562.0,16.96 to 18.99,358.5,235.6,1.65 to 1.69,Intel,Core i5,13th Gen (1334U),12 MB,10.0,12.0,4.60 GHz,Intel,Iris Xe,,,16 GB,DDR4,3200 MT/s,1 TB,SSD,"M.2, PCIe NVMe","15.6""",1920x1080,120Hz,"WVA, IPS, Non-Touch, Anti-Glare, 250 nit, Narrow Border, LED-Backlit","Realtek Wi-Fi 6 RTL8852BE, 2x2, 802.11ax, MU-MIMO, BluetoothÂ wireless card",65W AC adapter,"1 USB 3.2 Gen 1 Type-A port , 1 USB 3.2 Gen 1 Type-C full function, *,  , 1 USB 2.0 port â, 1 Headset jackÂ , *,  , 1 HDMI 1.4 port, *",1 SD 3.0 card slotâ,"Aluminium exterior shellÂ , Platinum Silver, Platinum Silver: Precision touchpad",Platinum Silver (Aluminum),English US backlit keyboard,,Integrated widescreen FHD (1080p) Webcam with Dual Digital Microphone in metal chassisâ,Platinium Silver with Finger Print Reader,,"Windows 11 Home, English, French, Spanish",2024081007045074726c537e50448490,Y,,Activate Your Microsoft 365 For A 30 Day Trial,McAfee+ Premium 30-day trial,1Y Basic Onsite Service after remote diagnosis with Hardware-Only Support,,"Stereo speakers, 2 W x 2 = 4 W total","4 Cell, 54 Wh, integrated",ENERGY STAR,"Up to 9 hours, 15 minutes, *",,,,,,,,,,
2024-08-10T00:04:45.000000,laptop,alienware-m18-r2-laptop,https://www.dell.com/en-us/shop/dell-computer-laptops/alienware-m18-r2-gaming-laptop/spd/alienware-m18-r2-laptop/useashctom18r201?ref=variantstack,Alienware m18 R2 Gaming Laptop,$ 1899.99,4.6 out of 5.0,580.0,0.95 to 1.05,16.15,12.59,4.23,Intel,Core i7,14th Gen (14650HX),30 MB,16.0,,5.2 GHz,NVIDIA,GeForce RTX 4060,8 GB,GDDR6,16 GB,DDR5,5600 MT/s,1 TB,SSD,"M.2, PCIe NVMe","18""",2560 x 1600,165Hz,"3ms, ComfortView Plus, NVIDIA G-SYNC + DDS, 100% DCI-P3, FHD IR Camera",Intel Killerâ¢ 1750 2x2 and Bluetooth 5.4 Wireless Card with Wifi 7 Ready,280W Adapter,"2 USB 3.2 Gen 1 ports, 1 USB 3.2 Gen 1 port with PowerShare, 1 USB 3.2 Gen 1 Type-C port, 2 Thunderboltâ¢ 4 Gen 2 Type-CÂ ports with DisplayPort Alt Mode/USB4 , 1 RJ45 Ethernet port, 1 Universal audio jack, 1 HDMI 2.1 port, 1 power-adapter port, 1 mini-Display port",1 SD-card slot,"Programmable with up to 16.8 million distinct colors, Dark Metallic Moon, Alienware Command Center, AlienFX Lighting Technology, Game Library with auto-tune game profile functionality, Fusion (Includes support for Overclock, Thermal, Power, Audio, and Audio Recon profiles), Alienware M Series keyboard with per-key RGB LED AlienFX lighting, includes N-key rollover technologyÂ , Alienware M Series keyboard with Cherry mechanical keyboard AlienFX lighting, includes N-key rollover technology (optional), Multi-touch gesture touchpad with integrated scrolling",Dark Metallic Moon (Anodized AL),English US AlienFX RGB backlit (per-key) Alienware M Series keyboard,Multi-touch gesture touchpad with integrated scrolling,"1080p at 30fps FHD HDR RGB-IR camera, Dual-array microphones",,,"Windows 11 Home, English, French, Spanish",20240810070445237d171016e933249e,Y,,Activate Your Microsoft 365 For A 30 Day Trial,No anti-virus software,1Y Premium Support with Hardware and Software1-2 Biz Day Onsite after remote diagnosis,,"Stereo speakers, 2 W x 2 = 4 W total, Realtek ALC3254","6 Cell, 97 Wh, integrated",,,,,,,,,,,,
2024-08-10T00:04:41.000000,laptop,latitude-15-3550-laptop,https://www.dell.com/en-us/shop/dell-computer-laptops/latitude-3550-laptop/spd/latitude-15-3550-laptop/s012l3550usvp?ref=variantstack,Latitude 3550 Laptop,$ 689,4.4 out of 5.0,139.0,0.71,14.1,9.4,,Intel,Core i3,13th Gen (1315U),10 MB,6.0,8.0,4.5 GHz,Intel,Iris Xe or UHD Graphics,,,8 GB,DDR5,5600 MT/s (5200 MT/s with 13th Gen Intel Core processors),256GB,TLC PCIe Gen 4 NVMe,M.2 2230,"15.6""",1366x768,,"Non-Touch, AG, TN, 220 nits, HD Cam, WLAN","Intel Wi-Fi 6E (6 if 6E unavailable) AX211, 2x2, 802.11ax, Bluetooth Wireless Card","65W AC adapter, USB Type-C, EcoDesign","1 USB4,  (20 Gbps) with Power, Delivery and DisplayPortâ¢, *,  , 2 USB 3.2 Gen 1 (5 Gbps) ports, 1 USB 3.2 Gen 1 (5 Gbps) with , PowerShare port, 1 HDMI 1.4 port (for computers shipped with 13th Gen Intel,  Core i3/i5/i7 processor), *,  , 1 HDMI 2.0 port (for computers shipped with 14th Gen Intel,  Core Ultra i5/i7 processor), *,  , 1 RJ45 (1 Gbps) Ethernet port, 1 universal audio port, 1 power-adapter port","1 wedge-shaped lock slot, 1 M.2 2230 slot for solid-state drive, 1 M.2 2230 slot for WLAN, Wi-Fi/Bluetooth, 1 M.2 2230 slot for WWAN, Wi-Fi/Bluetooth",,,"English US backlit Copilot key keyboard with numeric keypad, 99-key",Multi-touch gesture-enabled precision touchpad with integrated scrolling,"720p at 30 fps HD camera, 1080p at 30 fps FHD , 1080p at 30 fps FHD + IR camera","Single Pointing Keyboard, No Finger Print Reader, No SIM",,"Windows 11 Pro, English, Brazilian Portuguese, French, Spanish",2024081007044128779005530066048d,Y,1.81 kg,Activate Your Microsoft 365 For A 30 Day Trial,No anti-virus software,"Basic Onsite Service after remote diagnosis with Hardware-Only Support, 12 Month(s)",,"Stereo speakers with Waves MaxxAudio,  Pro, Realtek ALC3204 Audio Controller, 2 W x 2 = 4 W total","3- cell, 42Wh Battery, Express Charge, Express Charge Boost capable",,,"Basic Onsite Service after remote diagnosis with Hardware-Only Support, 12 Month(s)",,,,,,,,,
2024-08-10T00:04:34.000000,laptop,inspiron-16-5640-laptop,https://www.dell.com/en-us/shop/dell-computer-laptops/new-inspiron-16-laptop/spd/inspiron-16-5640-laptop/useichbts5640hdcc?ref=variantstack,Inspiron 16 Laptop,$ 699.99,4.5 out of 5.0,439.0,0.64 to 0.75,14.05,9.82,,Intel,Core i5,13th Gen (1334U),12 MB,10.0,12.0,4.60 GHz,Intel,Iris Xe,,,16 GB,DDR5,5200 MT/s,512 GB,SSD,"M.2, PCIe NVMe","16.0""",1920x1200,60Hz,"WVA, Non-Touch, Anti-Glare, 250 nit, ComfortView","Realtek Wi-Fi 6E RTL8852CE, 2x2, 802.11ax, MU-MIMO, BluetoothÂ wireless card",65W AC adapter,"2 USB 3.2 Gen 1 (5 Gbps) ports, 1 USB 3.2 Gen 2 (10 Gbps) Type-C, port with DisplayPortâ¢ 1.4 and PowerDelivery, 1 headset (headphone and microphone combo) port, 1 HDMI 1.4 port*, 1 power-adapter port, *The maximum resolution supported over HDMI is 1920x1080 @60Hz. No 4K/2K output.â","1 SD-card slot, 1 wedge-shaped lock slot","Aluminium exterior shell, Ice Blue, Midnight Blue, Precision mylar-touchpad",Ice Blue,English US backlit keyboard,Precision mylar-touchpad,"1080p at 30 fps FHD camera, Dual-array microphones, built-in camera shutter",Ice Blue Power Button with Fingerprint Reader,,"Windows 11 Home, English, French, Spanish",20240810070434274e5f6ceeaa54246c,Y,1.87,Activate Your Microsoft 365 For A 30 Day Trial,McAfee+ Premium 30-day trial,1Y Basic Onsite Service after remote diagnosis with Hardware-Only Support,,"Stereo speakers with Realtek ALC3254 Audio Controller, 2W x 2 = 4W total","4 Cell, 54 Wh, integrated",,"Up to 7 hrs, 44 minutes, *",,,,,,,,,,
2024-08-10T00:04:28.000000,laptop,inspiron-15-3520-laptop,https://www.dell.com/en-us/shop/dell-computer-laptops/inspiron-15-laptop/spd/inspiron-15-3520-laptop/nn3520grzys?ref=variantstack,Inspiron 15 Laptop,$ 279.99,4.3 out of 5.0,14815.0,0.67-0.83,14.11,9.27,,Intel,Core i3,12th Gen (1215U),10 MB,6.0,,4.40 GHz,Intel,UHD Graphics,,,8 GB,DDR4,2666 MT/s,512 GB,SSD,"M.2, PCIe NVMe","15.6""",1920x1080,120Hz,"WVA, IPS, Non-Touch, Anti-Glare, 250 nit, Narrow Border, LED-Backlit","Realtek Wi-Fi 5 RTL8821CE, 1x1, 802.11ac, MU-MIMO, BluetoothÂ wireless card",65W AC adapter,"2 USB 3.2 Gen 1 Type-A ports, 1 USB 2.0 port, 1 Power Jack, 1 Headset (headphone and microphone combo) port, 1 HDMI 1.4 (Maximum resolution supported over HDMI is 1920x1080 @60Hz. No 4K/2K output)","1 M.2 2230 slot for WiFi and Bluetooth card, 1 M.2 2230/2280 slot for solid-state drive , 1 SD-card slot",,Carbon Black (Plastic),English US non-backlit keyboard,, 720p at 30 fps HD camera Single integrated microphone,Carbon Black without Finger Print Reader,,"Windows 11 Home, English, French, Spanish",202408100704282159cd9342cd7464f5,Y,1.65,Activate Your Microsoft 365 For A 30 Day Trial,McAfee+ Premium 30-day trial,1Y Basic Onsite Service after remote diagnosis with Hardware-Only Support,,"Stereo speakers, 2 W x 2 = 4 W total","3 Cell, 41 Wh, integrated",Energy Star,,,,,,,,,,,
2024-08-10T00:04:21.000000,laptop,xps-15-9530-laptop,https://www.dell.com/en-us/shop/dell-computer-laptops/xps-15-laptop/spd/xps-15-9530-laptop/usexchbts9530gvgz?ref=variantstack,XPS 15 Laptop,$ 1199,4.4 out of 5.0,5104.0,0.71,13.57,9.06,,Intel,Core i7,13th Gen (i7-13620H),24MB,,,4.9 GHz,Intel,Arc A370M,4 GB,GDDR6,16 GB,DDR5,4800 MT/s,1 TB,SSD,"M.2, PCIe NVMe","15.6""",1920x1200,60Hz,"Non-Touch, Anti-Glare, 500 nit, InfinityEdge","IntelÂ Killerâ¢ Wi-Fi 6 1675 (AX211), 2x2, 802.11ax, BluetoothÂ wireless card","130W AC adapter, USB Type-C","1 USB 3.2 Gen 2 Type-C,  port with DisplayPortâ¢, 2 Thunderbolt,  4 (USB Type-C,  3.2 Gen 2) ports, 1 headset (headphone and microphone combo) port","1 SD-card slot, 1 Wedge-shaped lock slot",CNC machined aluminum with carbon fiber palm rest,"Platinum Silver exterior, Black interior",English US backlit keyboard,,"720p at 30 fps, HD camera, Dual-array microphones",,,"Windows 11 Home, English, French, Spanish",202408100704219799c34e564f4824f8,Y,1.86 kg,Activate Your Microsoft 365 For A 30 Day Trial,McAfee+ Premium 1-year,1Y Premium Support with Hardware and Software1-2 Biz Day Onsite after remote diagnosis,,Stereo woofer 2.5 W x 2 and stereo tweeter 1.5 W x 2 = 8 W total peak,90Wh Battery,ENERGY STAR,"Up to 18 hours with FHD+1, *",,,,,,,,,,
2024-08-10T00:04:13.000000,laptop,inspiron-14-7441-laptop,https://www.dell.com/en-us/shop/dell-computer-laptops/new-inspiron-14-plus-laptop/spd/inspiron-14-7441-laptop/useichbto7441hdnp?ref=variantstack,Inspiron 14 Plus Laptop,$ 999.99,,0.0,0.58 to 0.67,12.36,8.81,1.40,Snapdragon,X Plus,X1P-64-100,,10.0,,3.4 GHz,Qualcomm,Adreno,,,16 GB,LPDDR5X,8448 MT/s,256 GB,SSD,M.2 PCIe NVMe,"14.0""",QHD+,60Hz,"16x10, 400 nits, sRGB100%, WVA, IPS, AG, in cell Touch, No CG, LBL, bent",Qualcomm FastConnect 7800 Wi-Fi 7 2x2 + Bluetooth 5.4 Wireless Card,"65W AC adapter, USB Type-C","1 USB 3.2 Gen 1 Type-A port, 1 Audio Jack (headphone and microphone combo) port, 2 USB4 40Gbps (USB Type-C, /DisplayPortâ¢/Power Delivery)","1 M.2 2230 slot for SSD, 1 MicroSD-card slot",Aluminum,Ice Blue,English backlit Copilot key keyboard,Precision touchpad,"1080p at 30 fps FHD RGB camera , 720p at 30 fps IR camera",Ice Blue Power Button with Fingerprint Reader,,"Windows 11 Home, English, Brazilian Portuguese, French, Spanish",20240810070413648f9a16b655f10493,Y,1.40,Activate Your Microsoft 365 For A 30 Day Trial,McAfee+ Premium 30-day trial,1Y Premium Support with Hardware and Software1-2 Biz Day Onsite after remote diagnosis,,"Stereo speaker with Qualcomm,  Aqsticâ¢ Speaker Max technology, woofer 2W x 2 and tweeter 2W x 2, Dual-array microphones with Qualcomm,  Audio and Voice Communication Suite","3 Cell, 54 Wh, integrated",,,,,,,,,,,,
2024-08-10T00:04:09.000000,laptop,xps-13-9345-laptop,https://www.dell.com/en-us/shop/dell-computer-laptops/new-xps-13-laptop/spd/xps-13-9345-laptop/usexchbts9345hchl?ref=variantstack,XPS 13 Laptop,$ 1099.99,4.1 out of 5.0,63.0,0.58 to 0.60,11.62,7.84,1.17 to 1.19,Snapdragon,X Elite,X1E-80-100,,12.0,,4 GHz,Qualcomm,Adreno,,,16 GB,LPDDR5X,8448 MT/s,512 GB,SSD,"M.2, PCIe NVMe","13.4""",1920x1200,30-120Hz,"Non-Touch, Anti-Glare, 500 nit, EyeSafe, InfinityEdge",Qualcomm FastConnect 7800 Wi-Fi 7 2x2 + Bluetooth 5.4 Wireless Card,"60W AC adapter, USB Type-C","2 USB4â¢ 40Gbps USB Type-C,  with DisplayPortâ¢ and Power Delivery",Not applicable,CNC-machined aluminum,Graphite,Graphite Backlit English Keyboard with Fingerprint Reader,"Multi-touch gesture-enabled precision touchpad with haptic function, seamless glass haptic touchpad","1080p at 30 fps FHD RGB camera, Dual-array microphones, 360p at 15 fps IR camera",,,"Windows 11 Home, English, Brazilian Portuguese, French, Spanish",20240810070409192cd9adb7636ea4aa,Y,1.17 to 1.19,Activate Your Microsoft 365 For A 30 Day Trial,McAfee+ Premium 1-year,1Y Premium Support with Hardware and Software1-2 Biz Day Onsite after remote diagnosis,,"Quad-speaker design (tweeter + woofer), Qualcomm,  WSA8845, 2W x 4 = 8 W total","3 Cell, 55 Wh, integrated",,,,,,,,,,,,
